lon,lat,pga_g
25.0050,59.6650,0.0106
25.5050,59.6650,0.0104
25.5550,59.6650,0.0104
25.7050,59.6650,0.0104
25.7550,59.6650,0.0099
25.8050,59.6650,0.0099
25.8550,59.6650,0.0099
26.5550,59.6650,0.0098
28.0050,59.6650,0.0290
28.0550,59.6650,0.0282
28.1050,59.6650,0.0223
28.1550,59.6650,0.0281
28.2050,59.6650,0.0214
24.5050,59.6150,0.0111
24.5550,59.6150,0.0111
24.7550,59.6150,0.0120
25.0050,59.6150,0.0106
25.0550,59.6150,0.0106
25.1050,59.6150,0.0106
25.1550,59.6150,0.0106
25.3550,59.6150,0.0118
25.5050,59.6150,0.0104
25.5550,59.6150,0.0104
25.6050,59.6150,0.0104
25.6550,59.6150,0.0104
25.7050,59.6150,0.0104
25.7550,59.6150,0.0099
25.8050,59.6150,0.0099
25.9050,59.6150,0.0103
25.9550,59.6150,0.0099
26.0050,59.6150,0.0098
26.0550,59.6150,0.0094
26.1050,59.6150,0.0094
26.1550,59.6150,0.0099
28.0550,59.6150,0.0223
28.1050,59.6150,0.0242
28.1550,59.6150,0.0242
28.2050,59.6150,0.0213
24.5050,59.5650,0.0111
24.5550,59.5650,0.0111
24.6050,59.5650,0.0111
24.7550,59.5650,0.0124
24.8050,59.5650,0.0114
24.8550,59.5650,0.0114
24.9050,59.5650,0.0114
25.2050,59.5650,0.0106
25.2550,59.5650,0.0117
25.3050,59.5650,0.0117
25.5550,59.5650,0.0104
25.6050,59.5650,0.0104
25.6550,59.5650,0.0104
25.7050,59.5650,0.0104
25.7550,59.5650,0.0104
25.8050,59.5650,0.0104
25.8550,59.5650,0.0104
25.9050,59.5650,0.0104
25.9550,59.5650,0.0099
26.0050,59.5650,0.0099
26.0550,59.5650,0.0099
26.1050,59.5650,0.0099
26.1550,59.5650,0.0099
26.2050,59.5650,0.0099
26.2550,59.5650,0.0099
26.3050,59.5650,0.0099
26.3550,59.5650,0.0099
26.4050,59.5650,0.0099
26.4550,59.5650,0.0099
26.5050,59.5650,0.0098
26.6050,59.5650,0.0097
26.6550,59.5650,0.0092
26.7050,59.5650,0.0092
28.1050,59.5650,0.0242
28.1550,59.5650,0.0269
28.2050,59.5650,0.0231
24.5550,59.5150,0.0111
24.6050,59.5150,0.0122
24.8050,59.5150,0.0124
24.8550,59.5150,0.0114
24.9050,59.5150,0.0114
24.9550,59.5150,0.0120
25.0050,59.5150,0.0121
25.0550,59.5150,0.0121
25.1050,59.5150,0.0122
25.1550,59.5150,0.0121
25.2050,59.5150,0.0117
25.2550,59.5150,0.0117
25.3050,59.5150,0.0117
25.3550,59.5150,0.0118
25.4050,59.5150,0.0118
25.4550,59.5150,0.0114
25.5050,59.5150,0.0113
25.5550,59.5150,0.0113
25.6050,59.5150,0.0113
25.6550,59.5150,0.0109
25.7050,59.5150,0.0109
25.7550,59.5150,0.0109
25.8050,59.5150,0.0104
25.8550,59.5150,0.0109
25.9050,59.5150,0.0104
25.9550,59.5150,0.0109
26.0050,59.5150,0.0104
26.0550,59.5150,0.0104
26.1050,59.5150,0.0104
26.1550,59.5150,0.0099
26.2050,59.5150,0.0104
26.2550,59.5150,0.0099
26.3050,59.5150,0.0103
26.3550,59.5150,0.0099
26.4050,59.5150,0.0099
26.4550,59.5150,0.0099
26.5050,59.5150,0.0098
26.5550,59.5150,0.0098
26.6050,59.5150,0.0098
26.6550,59.5150,0.0092
26.7050,59.5150,0.0092
26.7550,59.5150,0.0094
26.8050,59.5150,0.0096
28.1050,59.5150,0.0269
28.1550,59.5150,0.0275
28.2050,59.5150,0.0250
24.3550,59.4650,0.0130
24.4050,59.4650,0.0126
24.4550,59.4650,0.0126
24.5050,59.4650,0.0127
24.5550,59.4650,0.0127
24.6050,59.4650,0.0128
24.6550,59.4650,0.0123
24.7050,59.4650,0.0123
24.7550,59.4650,0.0124
24.8050,59.4650,0.0124
24.8550,59.4650,0.0125
24.9050,59.4650,0.0120
24.9550,59.4650,0.0120
25.0050,59.4650,0.0121
25.0550,59.4650,0.0121
25.1050,59.4650,0.0122
25.1550,59.4650,0.0122
25.2050,59.4650,0.0122
25.2550,59.4650,0.0117
25.3050,59.4650,0.0122
25.3550,59.4650,0.0118
25.4050,59.4650,0.0118
25.4550,59.4650,0.0118
25.5050,59.4650,0.0113
25.5550,59.4650,0.0118
25.6050,59.4650,0.0113
25.6550,59.4650,0.0114
25.7050,59.4650,0.0114
25.7550,59.4650,0.0113
25.8050,59.4650,0.0113
25.8550,59.4650,0.0112
25.9050,59.4650,0.0110
25.9550,59.4650,0.0109
26.0050,59.4650,0.0108
26.0550,59.4650,0.0108
26.1050,59.4650,0.0108
26.1550,59.4650,0.0108
26.2050,59.4650,0.0108
26.2550,59.4650,0.0104
26.3050,59.4650,0.0104
26.3550,59.4650,0.0103
26.4050,59.4650,0.0103
26.4550,59.4650,0.0103
26.5050,59.4650,0.0099
26.5550,59.4650,0.0103
26.6050,59.4650,0.0098
26.6550,59.4650,0.0098
26.7050,59.4650,0.0097
26.7550,59.4650,0.0097
26.8050,59.4650,0.0096
26.8550,59.4650,0.0096
26.9050,59.4650,0.0095
26.9550,59.4650,0.0094
27.2550,59.4650,0.0085
27.3050,59.4650,0.0083
27.3550,59.4650,0.0083
27.4050,59.4650,0.0082
27.4550,59.4650,0.0082
28.0550,59.4650,0.0349
28.1050,59.4650,0.0349
28.1550,59.4650,0.0296
28.2050,59.4650,0.0321
24.2050,59.4150,0.0137
24.2550,59.4150,0.0134
24.3050,59.4150,0.0134
24.3550,59.4150,0.0130
24.4050,59.4150,0.0130
24.4550,59.4150,0.0131
24.5050,59.4150,0.0127
24.5550,59.4150,0.0131
24.6050,59.4150,0.0128
24.6550,59.4150,0.0128
24.7050,59.4150,0.0128
24.7550,59.4150,0.0125
24.8050,59.4150,0.0129
24.8550,59.4150,0.0125
24.9050,59.4150,0.0129
24.9550,59.4150,0.0125
25.0050,59.4150,0.0126
25.0550,59.4150,0.0126
25.1050,59.4150,0.0126
25.1550,59.4150,0.0126
25.2050,59.4150,0.0122
25.2550,59.4150,0.0122
25.3050,59.4150,0.0122
25.3550,59.4150,0.0123
25.4050,59.4150,0.0123
25.4550,59.4150,0.0124
25.5050,59.4150,0.0119
25.5550,59.4150,0.0124
25.6050,59.4150,0.0119
25.6550,59.4150,0.0119
25.7050,59.4150,0.0119
25.7550,59.4150,0.0119
25.8050,59.4150,0.0119
25.8550,59.4150,0.0113
25.9050,59.4150,0.0119
25.9550,59.4150,0.0113
26.0050,59.4150,0.0116
26.0550,59.4150,0.0113
26.1050,59.4150,0.0111
26.1550,59.4150,0.0113
26.2050,59.4150,0.0108
26.2550,59.4150,0.0112
26.3050,59.4150,0.0108
26.3550,59.4150,0.0108
26.4050,59.4150,0.0108
26.4550,59.4150,0.0107
26.5050,59.4150,0.0107
26.5550,59.4150,0.0103
26.6050,59.4150,0.0106
26.6550,59.4150,0.0102
26.7050,59.4150,0.0101
26.7550,59.4150,0.0101
26.8050,59.4150,0.0100
26.8550,59.4150,0.0100
26.9050,59.4150,0.0095
26.9550,59.4150,0.0094
27.0050,59.4150,0.0094
27.0550,59.4150,0.0092
27.1050,59.4150,0.0092
27.1550,59.4150,0.0091
27.2050,59.4150,0.0090
27.2550,59.4150,0.0085
27.3050,59.4150,0.0083
27.3550,59.4150,0.0083
27.4050,59.4150,0.0082
27.4550,59.4150,0.0082
27.5050,59.4150,0.0080
27.5550,59.4150,0.0080
27.6050,59.4150,0.0406
27.6550,59.4150,0.0407
27.7050,59.4150,0.0464
27.7550,59.4150,0.0395
27.8050,59.4150,0.0395
27.8550,59.4150,0.0414
27.9050,59.4150,0.0414
27.9550,59.4150,0.0420
28.0050,59.4150,0.0381
28.0550,59.4150,0.0381
28.1050,59.4150,0.0369
28.1550,59.4150,0.0329
28.2050,59.4150,0.0321
23.8050,59.3650,0.0142
23.9050,59.3650,0.0142
23.9550,59.3650,0.0142
24.0050,59.3650,0.0142
24.0550,59.3650,0.0137
24.1050,59.3650,0.0136
24.1550,59.3650,0.0136
24.2050,59.3650,0.0137
24.2550,59.3650,0.0137
24.3050,59.3650,0.0134
24.3550,59.3650,0.0134
24.4050,59.3650,0.0135
24.4550,59.3650,0.0131
24.5050,59.3650,0.0135
24.5550,59.3650,0.0131
24.6050,59.3650,0.0132
24.6550,59.3650,0.0132
24.7050,59.3650,0.0133
24.7550,59.3650,0.0133
24.8050,59.3650,0.0133
24.8550,59.3650,0.0129
24.9050,59.3650,0.0130
24.9550,59.3650,0.0130
25.0050,59.3650,0.0130
25.0550,59.3650,0.0130
25.1050,59.3650,0.0128
25.1550,59.3650,0.0131
25.2050,59.3650,0.0127
25.2550,59.3650,0.0131
25.3050,59.3650,0.0127
25.3550,59.3650,0.0128
25.4050,59.3650,0.0128
25.4550,59.3650,0.0125
25.5050,59.3650,0.0128
25.5550,59.3650,0.0124
25.6050,59.3650,0.0128
25.6550,59.3650,0.0124
25.7050,59.3650,0.0124
25.7550,59.3650,0.0124
25.8050,59.3650,0.0124
25.8550,59.3650,0.0124
25.9050,59.3650,0.0119
25.9550,59.3650,0.0119
26.0050,59.3650,0.0119
26.0550,59.3650,0.0119
26.1050,59.3650,0.0119
26.1550,59.3650,0.0118
26.2050,59.3650,0.0114
26.2550,59.3650,0.0114
26.3050,59.3650,0.0112
26.3550,59.3650,0.0112
26.4050,59.3650,0.0111
26.4550,59.3650,0.0111
26.5050,59.3650,0.0111
26.5550,59.3650,0.0107
26.6050,59.3650,0.0110
26.6550,59.3650,0.0106
26.7050,59.3650,0.0106
26.7550,59.3650,0.0105
26.8050,59.3650,0.0101
26.8550,59.3650,0.0104
26.9050,59.3650,0.0099
26.9550,59.3650,0.0103
27.0050,59.3650,0.0098
27.0550,59.3650,0.0098
27.1050,59.3650,0.0097
27.1550,59.3650,0.0091
27.2050,59.3650,0.0095
27.2550,59.3650,0.0089
27.3050,59.3650,0.0092
27.3550,59.3650,0.0087
27.4050,59.3650,0.0084
27.4550,59.3650,0.0085
27.5050,59.3650,0.0080
27.5550,59.3650,0.0434
27.6050,59.3650,0.0406
27.6550,59.3650,0.0456
27.7050,59.3650,0.0464
27.7550,59.3650,0.0424
27.8050,59.3650,0.0509
27.8550,59.3650,0.0414
27.9050,59.3650,0.0531
27.9550,59.3650,0.0420
28.0050,59.3650,0.0404
28.0550,59.3650,0.0404
28.1050,59.3650,0.0369
28.1550,59.3650,0.0396
28.2050,59.3650,0.0352
23.3550,59.3150,0.0142
23.4050,59.3150,0.0142
23.4550,59.3150,0.0142
23.9050,59.3150,0.0142
23.9550,59.3150,0.0142
24.0050,59.3150,0.0142
24.0550,59.3150,0.0142
24.1050,59.3150,0.0136
24.1550,59.3150,0.0136
24.2050,59.3150,0.0137
24.2550,59.3150,0.0137
24.3050,59.3150,0.0138
24.3550,59.3150,0.0138
24.4050,59.3150,0.0138
24.4550,59.3150,0.0136
24.5050,59.3150,0.0138
24.5550,59.3150,0.0135
24.6050,59.3150,0.0136
24.6550,59.3150,0.0136
24.7050,59.3150,0.0136
24.7550,59.3150,0.0136
24.8050,59.3150,0.0133
24.8550,59.3150,0.0137
24.9050,59.3150,0.0134
24.9550,59.3150,0.0136
25.0050,59.3150,0.0134
25.0550,59.3150,0.0134
25.1050,59.3150,0.0134
25.1550,59.3150,0.0134
25.2050,59.3150,0.0135
25.2550,59.3150,0.0131
25.3050,59.3150,0.0131
25.3550,59.3150,0.0131
25.4050,59.3150,0.0132
25.4550,59.3150,0.0132
25.5050,59.3150,0.0132
25.5550,59.3150,0.0128
25.6050,59.3150,0.0129
25.6550,59.3150,0.0128
25.7050,59.3150,0.0128
25.7550,59.3150,0.0128
25.8050,59.3150,0.0125
25.8550,59.3150,0.0128
25.9050,59.3150,0.0124
25.9550,59.3150,0.0128
26.0050,59.3150,0.0124
26.0550,59.3150,0.0124
26.1050,59.3150,0.0123
26.1550,59.3150,0.0119
26.2050,59.3150,0.0123
26.2550,59.3150,0.0118
26.3050,59.3150,0.0122
26.3550,59.3150,0.0117
26.4050,59.3150,0.0117
26.4550,59.3150,0.0117
26.5050,59.3150,0.0112
26.5550,59.3150,0.0116
26.6050,59.3150,0.0111
26.6550,59.3150,0.0110
26.7050,59.3150,0.0110
26.7550,59.3150,0.0109
26.8050,59.3150,0.0109
26.8550,59.3150,0.0106
26.9050,59.3150,0.0106
26.9550,59.3150,0.0103
27.0050,59.3150,0.0102
27.0550,59.3150,0.0102
27.1050,59.3150,0.0101
27.1550,59.3150,0.0101
27.2050,59.3150,0.0096
27.2550,59.3150,0.0093
27.3050,59.3150,0.0093
27.3550,59.3150,0.0091
27.4050,59.3150,0.0091
27.4550,59.3150,0.0089
27.5050,59.3150,0.0267
27.5550,59.3150,0.0437
27.6050,59.3150,0.0512
27.6550,59.3150,0.0512
27.7050,59.3150,0.0576
27.7550,59.3150,0.0576
27.8050,59.3150,0.0635
27.8550,59.3150,0.0532
27.9050,59.3150,0.0532
27.9550,59.3150,0.0533
28.0050,59.3150,0.0533
28.0550,59.3150,0.0494
28.1050,59.3150,0.0476
28.1550,59.3150,0.0455
28.2050,59.3150,0.0380
23.3550,59.2650,0.0142
23.4050,59.2650,0.0142
23.4550,59.2650,0.0142
23.6550,59.2650,0.0148
23.7050,59.2650,0.0148
23.7550,59.2650,0.0144
23.8050,59.2650,0.0144
23.8550,59.2650,0.0142
23.9050,59.2650,0.0142
23.9550,59.2650,0.0142
24.0050,59.2650,0.0142
24.0550,59.2650,0.0142
24.1050,59.2650,0.0143
24.1550,59.2650,0.0140
24.2050,59.2650,0.0143
24.2550,59.2650,0.0141
24.3050,59.2650,0.0141
24.3550,59.2650,0.0141
24.4050,59.2650,0.0139
24.4550,59.2650,0.0141
24.5050,59.2650,0.0138
24.5550,59.2650,0.0141
24.6050,59.2650,0.0139
24.6550,59.2650,0.0139
24.7050,59.2650,0.0139
24.7550,59.2650,0.0140
24.8050,59.2650,0.0140
24.8550,59.2650,0.0140
24.9050,59.2650,0.0137
24.9550,59.2650,0.0137
25.0050,59.2650,0.0137
25.0550,59.2650,0.0137
25.1050,59.2650,0.0138
25.1550,59.2650,0.0135
25.2050,59.2650,0.0138
25.2550,59.2650,0.0135
25.3050,59.2650,0.0138
25.3550,59.2650,0.0135
25.4050,59.2650,0.0135
25.4550,59.2650,0.0135
25.5050,59.2650,0.0132
25.5550,59.2650,0.0135
25.6050,59.2650,0.0132
25.6550,59.2650,0.0132
25.7050,59.2650,0.0132
25.7550,59.2650,0.0132
25.8050,59.2650,0.0132
25.8550,59.2650,0.0131
25.9050,59.2650,0.0132
25.9550,59.2650,0.0128
26.0050,59.2650,0.0128
26.0550,59.2650,0.0128
26.1050,59.2650,0.0128
26.1550,59.2650,0.0128
26.2050,59.2650,0.0127
26.2550,59.2650,0.0122
26.3050,59.2650,0.0122
26.3550,59.2650,0.0122
26.4050,59.2650,0.0122
26.4550,59.2650,0.0121
26.5050,59.2650,0.0116
26.5550,59.2650,0.0120
26.6050,59.2650,0.0115
26.6550,59.2650,0.0115
26.7050,59.2650,0.0114
26.7550,59.2650,0.0114
26.8050,59.2650,0.0113
26.8550,59.2650,0.0108
26.9050,59.2650,0.0111
26.9550,59.2650,0.0107
27.0050,59.2650,0.0108
27.0550,59.2650,0.0106
27.1050,59.2650,0.0101
27.1550,59.2650,0.0104
27.2050,59.2650,0.0099
27.2550,59.2650,0.0102
27.3050,59.2650,0.0097
27.3550,59.2650,0.0095
27.4050,59.2650,0.0095
27.4550,59.2650,0.0110
27.5050,59.2650,0.0536
27.5550,59.2650,0.0537
27.6050,59.2650,0.0634
27.6550,59.2650,0.0627
27.7050,59.2650,0.0695
27.7550,59.2650,0.0697
27.8050,59.2650,0.0635
27.8550,59.2650,0.0751
27.9050,59.2650,0.0667
27.9550,59.2650,0.0637
28.0050,59.2650,0.0636
28.0550,59.2650,0.0542
28.1050,59.2650,0.0550
28.1550,59.2650,0.0458
28.2050,59.2650,0.0479
23.5050,59.2150,0.0150
23.5550,59.2150,0.0150
23.6050,59.2150,0.0151
23.6550,59.2150,0.0151
23.7050,59.2150,0.0148
23.7550,59.2150,0.0144
23.8050,59.2150,0.0148
23.8550,59.2150,0.0145
23.9050,59.2150,0.0147
23.9550,59.2150,0.0145
24.0050,59.2150,0.0145
24.0550,59.2150,0.0145
24.1050,59.2150,0.0143
24.1550,59.2150,0.0145
24.2050,59.2150,0.0143
24.2550,59.2150,0.0143
24.3050,59.2150,0.0143
24.3550,59.2150,0.0144
24.4050,59.2150,0.0144
24.4550,59.2150,0.0144
24.5050,59.2150,0.0141
24.5550,59.2150,0.0144
24.6050,59.2150,0.0142
24.6550,59.2150,0.0142
24.7050,59.2150,0.0142
24.7550,59.2150,0.0141
24.8050,59.2150,0.0142
24.8550,59.2150,0.0140
24.9050,59.2150,0.0142
24.9550,59.2150,0.0140
25.0050,59.2150,0.0140
25.0550,59.2150,0.0140
25.1050,59.2150,0.0141
25.1550,59.2150,0.0141
25.2050,59.2150,0.0138
25.2550,59.2150,0.0139
25.3050,59.2150,0.0138
25.3550,59.2150,0.0138
25.4050,59.2150,0.0138
25.4550,59.2150,0.0138
25.5050,59.2150,0.0138
25.5550,59.2150,0.0138
25.6050,59.2150,0.0135
25.6550,59.2150,0.0135
25.7050,59.2150,0.0135
25.7550,59.2150,0.0135
25.8050,59.2150,0.0135
25.8550,59.2150,0.0132
25.9050,59.2150,0.0135
25.9550,59.2150,0.0132
26.0050,59.2150,0.0133
26.0550,59.2150,0.0132
26.1050,59.2150,0.0130
26.1550,59.2150,0.0131
26.2050,59.2150,0.0127
26.2550,59.2150,0.0131
26.3050,59.2150,0.0126
26.3550,59.2150,0.0126
26.4050,59.2150,0.0126
26.4550,59.2150,0.0125
26.5050,59.2150,0.0125
26.5550,59.2150,0.0120
26.6050,59.2150,0.0123
26.6550,59.2150,0.0120
26.7050,59.2150,0.0118
26.7550,59.2150,0.0118
26.8050,59.2150,0.0117
26.8550,59.2150,0.0117
26.9050,59.2150,0.0111
26.9550,59.2150,0.0110
27.0050,59.2150,0.0110
27.0550,59.2150,0.0109
27.1050,59.2150,0.0109
27.1550,59.2150,0.0107
27.2050,59.2150,0.0103
27.2550,59.2150,0.0102
27.3050,59.2150,0.0101
27.3550,59.2150,0.0101
27.4050,59.2150,0.0515
27.4550,59.2150,0.0515
27.5050,59.2150,0.0620
27.5550,59.2150,0.0639
27.6050,59.2150,0.0639
27.6550,59.2150,0.0717
27.7050,59.2150,0.0717
27.7550,59.2150,0.0797
27.8050,59.2150,0.0752
27.8550,59.2150,0.0832
27.9050,59.2150,0.0761
27.9550,59.2150,0.0761
28.0050,59.2150,0.0675
28.0550,59.2150,0.0674
28.1050,59.2150,0.0579
28.1550,59.2150,0.0483
28.2050,59.2150,0.0484
23.5050,59.1650,0.0150
23.5550,59.1650,0.0154
23.6050,59.1650,0.0151
23.6550,59.1650,0.0151
23.7050,59.1650,0.0152
23.7550,59.1650,0.0152
23.8050,59.1650,0.0148
23.8550,59.1650,0.0152
23.9050,59.1650,0.0148
23.9550,59.1650,0.0148
24.0050,59.1650,0.0148
24.0550,59.1650,0.0148
24.1050,59.1650,0.0148
24.1550,59.1650,0.0149
24.2050,59.1650,0.0146
24.2550,59.1650,0.0147
24.3050,59.1650,0.0146
24.3550,59.1650,0.0146
24.4050,59.1650,0.0147
24.4550,59.1650,0.0144
24.5050,59.1650,0.0148
24.5550,59.1650,0.0144
24.6050,59.1650,0.0147
24.6550,59.1650,0.0144
24.7050,59.1650,0.0144
24.7550,59.1650,0.0144
24.8050,59.1650,0.0145
24.8550,59.1650,0.0145
24.9050,59.1650,0.0142
24.9550,59.1650,0.0143
25.0050,59.1650,0.0143
25.0550,59.1650,0.0143
25.1050,59.1650,0.0143
25.1550,59.1650,0.0143
25.2050,59.1650,0.0141
25.2550,59.1650,0.0143
25.3050,59.1650,0.0141
25.3550,59.1650,0.0141
25.4050,59.1650,0.0141
25.4550,59.1650,0.0139
25.5050,59.1650,0.0141
25.5550,59.1650,0.0138
25.6050,59.1650,0.0141
25.6550,59.1650,0.0138
25.7050,59.1650,0.0138
25.7550,59.1650,0.0138
25.8050,59.1650,0.0138
25.8550,59.1650,0.0138
25.9050,59.1650,0.0135
25.9550,59.1650,0.0135
26.0050,59.1650,0.0135
26.0550,59.1650,0.0134
26.1050,59.1650,0.0134
26.1550,59.1650,0.0134
26.2050,59.1650,0.0133
26.2550,59.1650,0.0132
26.3050,59.1650,0.0130
26.3550,59.1650,0.0130
26.4050,59.1650,0.0129
26.4550,59.1650,0.0129
26.5050,59.1650,0.0129
26.5550,59.1650,0.0124
26.6050,59.1650,0.0128
26.6550,59.1650,0.0123
26.7050,59.1650,0.0123
26.7550,59.1650,0.0122
26.8050,59.1650,0.0117
26.8550,59.1650,0.0121
26.9050,59.1650,0.0115
26.9550,59.1650,0.0119
27.0050,59.1650,0.0114
27.0550,59.1650,0.0112
27.1050,59.1650,0.0112
27.1550,59.1650,0.0107
27.2050,59.1650,0.0110
27.2550,59.1650,0.0106
27.3050,59.1650,0.0106
27.3550,59.1650,0.0104
27.4050,59.1650,0.0571
27.4550,59.1650,0.0576
27.5050,59.1650,0.0620
27.5550,59.1650,0.0672
27.6050,59.1650,0.0706
27.6550,59.1650,0.0791
27.7050,59.1650,0.0791
27.7550,59.1650,0.0836
27.8050,59.1650,0.0850
27.8550,59.1650,0.0843
27.9050,59.1650,0.0803
27.9550,59.1650,0.0795
28.0050,59.1650,0.0690
28.0550,59.1650,0.0690
28.1050,59.1650,0.0579
28.1550,59.1650,0.0583
28.2050,59.1650,0.0494
22.5550,59.1150,0.0166
23.5550,59.1150,0.0154
23.6050,59.1150,0.0155
23.6550,59.1150,0.0155
23.7050,59.1150,0.0155
23.7550,59.1150,0.0155
23.8050,59.1150,0.0152
23.8550,59.1150,0.0155
23.9050,59.1150,0.0152
23.9550,59.1150,0.0152
24.0050,59.1150,0.0152
24.0550,59.1150,0.0149
24.1050,59.1150,0.0152
24.1550,59.1150,0.0149
24.2050,59.1150,0.0152
24.2550,59.1150,0.0150
24.3050,59.1150,0.0150
24.3550,59.1150,0.0150
24.4050,59.1150,0.0151
24.4550,59.1150,0.0151
24.5050,59.1150,0.0151
24.5550,59.1150,0.0148
24.6050,59.1150,0.0148
24.6550,59.1150,0.0148
24.7050,59.1150,0.0148
24.7550,59.1150,0.0148
24.8050,59.1150,0.0145
24.8550,59.1150,0.0148
24.9050,59.1150,0.0145
24.9550,59.1150,0.0148
25.0050,59.1150,0.0145
25.0550,59.1150,0.0145
25.1050,59.1150,0.0145
25.1550,59.1150,0.0144
25.2050,59.1150,0.0145
25.2550,59.1150,0.0143
25.3050,59.1150,0.0143
25.3550,59.1150,0.0143
25.4050,59.1150,0.0144
25.4550,59.1150,0.0144
25.5050,59.1150,0.0144
25.5550,59.1150,0.0141
25.6050,59.1150,0.0141
25.6550,59.1150,0.0141
25.7050,59.1150,0.0141
25.7550,59.1150,0.0140
25.8050,59.1150,0.0140
25.8550,59.1150,0.0140
25.9050,59.1150,0.0138
25.9550,59.1150,0.0140
26.0050,59.1150,0.0138
26.0550,59.1150,0.0138
26.1050,59.1150,0.0137
26.1550,59.1150,0.0134
26.2050,59.1150,0.0137
26.2550,59.1150,0.0134
26.3050,59.1150,0.0137
26.3550,59.1150,0.0133
26.4050,59.1150,0.0133
26.4550,59.1150,0.0133
26.5050,59.1150,0.0130
26.5550,59.1150,0.0132
26.6050,59.1150,0.0128
26.6550,59.1150,0.0127
26.7050,59.1150,0.0127
26.7550,59.1150,0.0126
26.8050,59.1150,0.0126
26.8550,59.1150,0.0124
26.9050,59.1150,0.0120
26.9550,59.1150,0.0120
27.0050,59.1150,0.0118
27.0550,59.1150,0.0118
27.1050,59.1150,0.0116
27.1550,59.1150,0.0116
27.2050,59.1150,0.0113
27.2550,59.1150,0.0109
27.3050,59.1150,0.0109
27.3550,59.1150,0.0549
27.4050,59.1150,0.0549
27.4550,59.1150,0.0639
27.5050,59.1150,0.0672
27.5550,59.1150,0.0687
27.6050,59.1150,0.0752
27.6550,59.1150,0.0752
27.7050,59.1150,0.0822
27.7550,59.1150,0.0832
27.8050,59.1150,0.0868
27.8550,59.1150,0.0868
27.9050,59.1150,0.0867
27.9550,59.1150,0.0787
28.0050,59.1150,0.0786
28.0550,59.1150,0.0678
28.1050,59.1150,0.0583
28.1550,59.1150,0.0563
28.2050,59.1150,0.0491
22.5550,59.0650,0.0166
22.6050,59.0650,0.0166
22.6550,59.0650,0.0170
22.7050,59.0650,0.0173
23.1550,59.0650,0.0165
23.2550,59.0650,0.0165
23.3050,59.0650,0.0165
23.4050,59.0650,0.0160
23.4550,59.0650,0.0160
23.5050,59.0650,0.0160
23.5550,59.0650,0.0160
23.6050,59.0650,0.0160
23.6550,59.0650,0.0158
23.7050,59.0650,0.0160
23.7550,59.0650,0.0158
23.8050,59.0650,0.0158
23.8550,59.0650,0.0158
23.9050,59.0650,0.0155
23.9550,59.0650,0.0155
24.0050,59.0650,0.0155
24.0550,59.0650,0.0155
24.1050,59.0650,0.0155
24.1550,59.0650,0.0155
24.2050,59.0650,0.0155
24.2550,59.0650,0.0153
24.3050,59.0650,0.0153
24.3550,59.0650,0.0153
24.4050,59.0650,0.0153
24.4550,59.0650,0.0154
24.5050,59.0650,0.0151
24.5550,59.0650,0.0154
24.6050,59.0650,0.0151
24.6550,59.0650,0.0152
24.7050,59.0650,0.0151
24.7550,59.0650,0.0151
24.8050,59.0650,0.0151
24.8550,59.0650,0.0149
24.9050,59.0650,0.0150
24.9550,59.0650,0.0148
25.0050,59.0650,0.0148
25.0550,59.0650,0.0148
25.1050,59.0650,0.0148
25.1550,59.0650,0.0148
25.2050,59.0650,0.0148
25.2550,59.0650,0.0145
25.3050,59.0650,0.0148
25.3550,59.0650,0.0146
25.4050,59.0650,0.0146
25.4550,59.0650,0.0146
25.5050,59.0650,0.0144
25.5550,59.0650,0.0146
25.6050,59.0650,0.0143
25.6550,59.0650,0.0145
25.7050,59.0650,0.0143
25.7550,59.0650,0.0143
25.8050,59.0650,0.0143
25.8550,59.0650,0.0141
25.9050,59.0650,0.0143
25.9550,59.0650,0.0140
26.0050,59.0650,0.0140
26.0550,59.0650,0.0140
26.1050,59.0650,0.0140
26.1550,59.0650,0.0140
26.2050,59.0650,0.0139
26.2550,59.0650,0.0137
26.3050,59.0650,0.0137
26.3550,59.0650,0.0136
26.4050,59.0650,0.0136
26.4550,59.0650,0.0135
26.5050,59.0650,0.0132
26.5550,59.0650,0.0135
26.6050,59.0650,0.0131
26.6550,59.0650,0.0131
26.7050,59.0650,0.0130
26.7550,59.0650,0.0130
26.8050,59.0650,0.0129
26.8550,59.0650,0.0124
26.9050,59.0650,0.0127
26.9550,59.0650,0.0123
27.0050,59.0650,0.0123
27.0550,59.0650,0.0121
27.1050,59.0650,0.0117
27.1550,59.0650,0.0119
27.2050,59.0650,0.0114
27.2550,59.0650,0.0118
27.3050,59.0650,0.0543
27.3550,59.0650,0.0627
27.4050,59.0650,0.0627
27.4550,59.0650,0.0648
27.5050,59.0650,0.0692
27.5550,59.0650,0.0710
27.6050,59.0650,0.0783
27.6550,59.0650,0.0784
27.7050,59.0650,0.0836
27.7550,59.0650,0.0836
27.8050,59.0650,0.0868
27.8550,59.0650,0.0846
27.9050,59.0650,0.0836
27.9550,59.0650,0.0743
28.0050,59.0650,0.0743
28.0550,59.0650,0.0642
28.1050,59.0650,0.0642
28.1550,59.0650,0.0563
28.2050,59.0650,0.0475
22.4050,59.0150,0.0176
22.4550,59.0150,0.0176
22.5050,59.0150,0.0173
22.5550,59.0150,0.0173
22.6050,59.0150,0.0170
22.6550,59.0150,0.0173
22.7050,59.0150,0.0173
22.7550,59.0150,0.0173
22.8050,59.0150,0.0173
22.8550,59.0150,0.0173
22.9550,59.0150,0.0173
23.1050,59.0150,0.0165
23.1550,59.0150,0.0165
23.2050,59.0150,0.0165
23.2550,59.0150,0.0165
23.3050,59.0150,0.0165
23.3550,59.0150,0.0165
23.4050,59.0150,0.0163
23.4550,59.0150,0.0163
23.5050,59.0150,0.0163
23.5550,59.0150,0.0162
23.6050,59.0150,0.0163
23.6550,59.0150,0.0160
23.7050,59.0150,0.0162
23.7550,59.0150,0.0160
23.8050,59.0150,0.0160
23.8550,59.0150,0.0160
23.9050,59.0150,0.0160
23.9550,59.0150,0.0158
24.0050,59.0150,0.0159
24.0550,59.0150,0.0158
24.1050,59.0150,0.0155
24.1550,59.0150,0.0158
24.2050,59.0150,0.0156
24.2550,59.0150,0.0158
24.3050,59.0150,0.0156
24.3550,59.0150,0.0156
24.4050,59.0150,0.0156
24.4550,59.0150,0.0156
24.5050,59.0150,0.0156
24.5550,59.0150,0.0154
24.6050,59.0150,0.0154
24.6550,59.0150,0.0154
24.7050,59.0150,0.0154
24.7550,59.0150,0.0154
24.8050,59.0150,0.0154
24.8550,59.0150,0.0151
24.9050,59.0150,0.0154
24.9550,59.0150,0.0151
25.0050,59.0150,0.0153
25.0550,59.0150,0.0151
25.1050,59.0150,0.0151
25.1550,59.0150,0.0151
25.2050,59.0150,0.0148
25.2550,59.0150,0.0151
25.3050,59.0150,0.0149
25.3550,59.0150,0.0149
25.4050,59.0150,0.0149
25.4550,59.0150,0.0148
25.5050,59.0150,0.0148
25.5550,59.0150,0.0148
25.6050,59.0150,0.0145
25.6550,59.0150,0.0145
25.7050,59.0150,0.0145
25.7550,59.0150,0.0145
25.8050,59.0150,0.0145
25.8550,59.0150,0.0143
25.9050,59.0150,0.0145
25.9550,59.0150,0.0142
26.0050,59.0150,0.0143
26.0550,59.0150,0.0142
26.1050,59.0150,0.0141
26.1550,59.0150,0.0142
26.2050,59.0150,0.0139
26.2550,59.0150,0.0141
26.3050,59.0150,0.0139
26.3550,59.0150,0.0138
26.4050,59.0150,0.0138
26.4550,59.0150,0.0138
26.5050,59.0150,0.0138
26.5550,59.0150,0.0135
26.6050,59.0150,0.0135
26.6550,59.0150,0.0134
26.7050,59.0150,0.0133
26.7550,59.0150,0.0133
26.8050,59.0150,0.0131
26.8550,59.0150,0.0131
26.9050,59.0150,0.0127
26.9550,59.0150,0.0126
27.0050,59.0150,0.0126
27.0550,59.0150,0.0124
27.1050,59.0150,0.0124
27.1550,59.0150,0.0122
27.2050,59.0150,0.0117
27.2550,59.0150,0.0121
27.3050,59.0150,0.0609
27.3550,59.0150,0.0609
27.4050,59.0150,0.0673
27.4550,59.0150,0.0687
27.5050,59.0150,0.0721
27.5550,59.0150,0.0751
27.6050,59.0150,0.0751
27.6550,59.0150,0.0802
27.7050,59.0150,0.0803
27.7550,59.0150,0.0837
27.8050,59.0150,0.0847
27.8550,59.0150,0.0789
27.9050,59.0150,0.0781
27.9550,59.0150,0.0781
28.0050,59.0150,0.0690
28.0550,59.0150,0.0642
28.1050,59.0150,0.0591
28.1550,59.0150,0.0534
28.2050,59.0150,0.0520
22.0550,58.9650,0.0182
22.1050,58.9650,0.0182
22.2550,58.9650,0.0182
22.3050,58.9650,0.0182
22.3550,58.9650,0.0182
22.4050,58.9650,0.0176
22.4550,58.9650,0.0176
22.5050,58.9650,0.0176
22.5550,58.9650,0.0176
22.6050,58.9650,0.0173
22.6550,58.9650,0.0176
22.7050,58.9650,0.0173
22.7550,58.9650,0.0173
22.8050,58.9650,0.0173
22.8550,58.9650,0.0173
22.9050,58.9650,0.0173
22.9550,58.9650,0.0173
23.0050,58.9650,0.0173
23.0550,58.9650,0.0166
23.1050,58.9650,0.0167
23.1550,58.9650,0.0167
23.2050,58.9650,0.0167
23.2550,58.9650,0.0165
23.3050,58.9650,0.0165
23.3550,58.9650,0.0165
23.4050,58.9650,0.0165
23.4550,58.9650,0.0165
23.5050,58.9650,0.0167
23.5550,58.9650,0.0167
23.6050,58.9650,0.0163
23.6550,58.9650,0.0163
23.7050,58.9650,0.0163
23.7550,58.9650,0.0163
23.8050,58.9650,0.0163
23.8550,58.9650,0.0161
23.9050,58.9650,0.0162
23.9550,58.9650,0.0160
24.0050,58.9650,0.0161
24.0550,58.9650,0.0160
24.1050,58.9650,0.0160
24.1550,58.9650,0.0160
24.2050,58.9650,0.0159
24.2550,58.9650,0.0158
24.3050,58.9650,0.0158
24.3550,58.9650,0.0158
24.4050,58.9650,0.0158
24.4550,58.9650,0.0157
24.5050,58.9650,0.0158
24.5550,58.9650,0.0156
24.6050,58.9650,0.0159
24.6550,58.9650,0.0156
24.7050,58.9650,0.0156
24.7550,58.9650,0.0156
24.8050,58.9650,0.0156
24.8550,58.9650,0.0156
24.9050,58.9650,0.0154
24.9550,58.9650,0.0154
25.0050,58.9650,0.0154
25.0550,58.9650,0.0154
25.1050,58.9650,0.0154
25.1550,58.9650,0.0153
25.2050,58.9650,0.0152
25.2550,58.9650,0.0154
25.3050,58.9650,0.0151
25.3550,58.9650,0.0151
25.4050,58.9650,0.0151
25.4550,58.9650,0.0150
25.5050,58.9650,0.0151
25.5550,58.9650,0.0148
25.6050,58.9650,0.0151
25.6550,58.9650,0.0148
25.7050,58.9650,0.0148
25.7550,58.9650,0.0148
25.8050,58.9650,0.0147
25.8550,58.9650,0.0147
25.9050,58.9650,0.0145
25.9550,58.9650,0.0144
26.0050,58.9650,0.0144
26.0550,58.9650,0.0144
26.1050,58.9650,0.0144
26.1550,58.9650,0.0143
26.2050,58.9650,0.0143
26.2550,58.9650,0.0142
26.3050,58.9650,0.0141
26.3550,58.9650,0.0141
26.4050,58.9650,0.0140
26.4550,58.9650,0.0140
26.5050,58.9650,0.0140
26.5550,58.9650,0.0137
26.6050,58.9650,0.0138
26.6550,58.9650,0.0136
26.7050,58.9650,0.0136
26.7550,58.9650,0.0134
26.8050,58.9650,0.0131
26.8550,58.9650,0.0133
26.9050,58.9650,0.0129
26.9550,58.9650,0.0131
27.0050,58.9650,0.0128
27.0550,58.9650,0.0126
27.1050,58.9650,0.0126
27.1550,58.9650,0.0123
27.2050,58.9650,0.0532
27.2550,58.9650,0.0577
27.3050,58.9650,0.0649
27.3550,58.9650,0.0649
27.4050,58.9650,0.0699
27.4550,58.9650,0.0699
27.5050,58.9650,0.0722
27.5550,58.9650,0.0761
27.6050,58.9650,0.0778
27.6550,58.9650,0.0816
27.7050,58.9650,0.0816
27.7550,58.9650,0.0776
27.8050,58.9650,0.0775
27.8550,58.9650,0.0788
27.9050,58.9650,0.0711
27.9550,58.9650,0.0711
28.0050,58.9650,0.0633
28.0550,58.9650,0.0633
28.1050,58.9650,0.0570
28.1550,58.9650,0.0499
28.2050,58.9650,0.0499
22.0050,58.9151,0.0183
22.0550,58.9151,0.0183
22.1050,58.9151,0.0182
22.1550,58.9151,0.0182
22.2050,58.9151,0.0186
22.2550,58.9151,0.0182
22.3050,58.9151,0.0182
22.3550,58.9151,0.0182
22.4050,58.9151,0.0182
22.4550,58.9151,0.0179
22.5050,58.9151,0.0180
22.5550,58.9151,0.0179
22.6050,58.9151,0.0176
22.6550,58.9151,0.0178
22.7050,58.9151,0.0176
22.7550,58.9151,0.0176
22.8050,58.9151,0.0175
22.8550,58.9151,0.0175
22.9050,58.9151,0.0173
22.9550,58.9151,0.0175
23.0050,58.9151,0.0175
23.0550,58.9151,0.0175
23.1050,58.9151,0.0167
23.2550,58.9151,0.0166
23.3050,58.9151,0.0165
23.3550,58.9151,0.0165
23.4050,58.9151,0.0167
23.4550,58.9151,0.0167
23.5050,58.9151,0.0167
23.5550,58.9151,0.0167
23.6050,58.9151,0.0167
23.6550,58.9151,0.0167
23.7050,58.9151,0.0165
23.7550,58.9151,0.0167
23.8050,58.9151,0.0165
23.8550,58.9151,0.0165
23.9050,58.9151,0.0165
23.9550,58.9151,0.0162
24.0050,58.9151,0.0162
24.0550,58.9151,0.0162
24.1050,58.9151,0.0162
24.1550,58.9151,0.0160
24.2050,58.9151,0.0162
24.2550,58.9151,0.0161
24.3050,58.9151,0.0162
24.3550,58.9151,0.0161
24.4050,58.9151,0.0161
24.4550,58.9151,0.0161
24.5050,58.9151,0.0160
24.5550,58.9151,0.0161
24.6050,58.9151,0.0159
24.6550,58.9151,0.0159
24.7050,58.9151,0.0159
24.7550,58.9151,0.0159
24.8050,58.9151,0.0159
24.8550,58.9151,0.0159
24.9050,58.9151,0.0156
24.9550,58.9151,0.0158
25.0050,58.9151,0.0156
25.0550,58.9151,0.0156
25.1050,58.9151,0.0155
25.1550,58.9151,0.0154
25.2050,58.9151,0.0156
25.2550,58.9151,0.0154
25.3050,58.9151,0.0155
25.3550,58.9151,0.0153
25.4050,58.9151,0.0154
25.4550,58.9151,0.0154
25.5050,58.9151,0.0153
25.5550,58.9151,0.0153
25.6050,58.9151,0.0151
25.6550,58.9151,0.0151
25.7050,58.9151,0.0151
25.7550,58.9151,0.0150
25.8050,58.9151,0.0150
25.8550,58.9151,0.0149
25.9050,58.9151,0.0146
25.9550,58.9151,0.0149
26.0050,58.9151,0.0146
26.0550,58.9151,0.0146
26.1050,58.9151,0.0146
26.1550,58.9151,0.0143
26.2050,58.9151,0.0145
26.2550,58.9151,0.0143
26.3050,58.9151,0.0144
26.3550,58.9151,0.0143
26.4050,58.9151,0.0142
26.4550,58.9151,0.0142
26.5050,58.9151,0.0140
26.5550,58.9151,0.0141
26.6050,58.9151,0.0138
26.6550,58.9151,0.0137
26.7050,58.9151,0.0137
26.7550,58.9151,0.0136
26.8050,58.9151,0.0136
26.8550,58.9151,0.0135
26.9050,58.9151,0.0132
26.9550,58.9151,0.0131
27.0050,58.9151,0.0130
27.0550,58.9151,0.0130
27.1050,58.9151,0.0485
27.1550,58.9151,0.0514
27.2050,58.9151,0.0543
27.2550,58.9151,0.0603
27.3050,58.9151,0.0603
27.3550,58.9151,0.0663
27.4050,58.9151,0.0664
27.4550,58.9151,0.0708
27.5050,58.9151,0.0745
27.5550,58.9151,0.0735
27.6050,58.9151,0.0781
27.6550,58.9151,0.0781
27.7050,58.9151,0.0750
27.7550,58.9151,0.0775
27.8050,58.9151,0.0706
27.8550,58.9151,0.0715
27.9050,58.9151,0.0699
27.9550,58.9151,0.0653
28.0050,58.9151,0.0611
28.0550,58.9151,0.0565
28.1050,58.9151,0.0536
28.1550,58.9151,0.0489
28.2050,58.9151,0.0774
22.1550,58.8651,0.0186
22.2050,58.8651,0.0186
22.2550,58.8651,0.0182
22.3050,58.8651,0.0182
22.3550,58.8651,0.0182
22.4050,58.8651,0.0182
22.4550,58.8651,0.0182
22.5050,58.8651,0.0184
22.5550,58.8651,0.0181
22.6050,58.8651,0.0181
22.6550,58.8651,0.0181
22.7050,58.8651,0.0181
22.7550,58.8651,0.0178
22.8050,58.8651,0.0178
22.8550,58.8651,0.0178
22.9050,58.8651,0.0175
22.9550,58.8651,0.0175
23.0050,58.8651,0.0175
23.0550,58.8651,0.0175
23.3550,58.8651,0.0166
23.4050,58.8651,0.0169
23.4550,58.8651,0.0169
23.5050,58.8651,0.0169
23.5550,58.8651,0.0169
23.6050,58.8651,0.0169
23.6550,58.8651,0.0169
23.7050,58.8651,0.0167
23.7550,58.8651,0.0169
23.8050,58.8651,0.0167
23.8550,58.8651,0.0167
23.9050,58.8651,0.0166
23.9550,58.8651,0.0166
24.0050,58.8651,0.0164
24.0550,58.8651,0.0166
24.1050,58.8651,0.0164
24.1550,58.8651,0.0163
24.2050,58.8651,0.0164
24.2550,58.8651,0.0163
24.3050,58.8651,0.0163
24.3550,58.8651,0.0163
24.4050,58.8651,0.0163
24.4550,58.8651,0.0163
24.5050,58.8651,0.0161
24.5550,58.8651,0.0162
24.6050,58.8651,0.0161
24.6550,58.8651,0.0162
24.7050,58.8651,0.0160
24.7550,58.8651,0.0160
24.8050,58.8651,0.0160
24.8550,58.8651,0.0159
24.9050,58.8651,0.0160
24.9550,58.8651,0.0158
25.0050,58.8651,0.0158
25.0550,58.8651,0.0158
25.1050,58.8651,0.0158
25.1550,58.8651,0.0158
25.2050,58.8651,0.0158
25.2550,58.8651,0.0156
25.3050,58.8651,0.0156
25.3550,58.8651,0.0156
25.4050,58.8651,0.0156
25.4550,58.8651,0.0155
25.5050,58.8651,0.0153
25.5550,58.8651,0.0155
25.6050,58.8651,0.0153
25.6550,58.8651,0.0155
25.7050,58.8651,0.0153
25.7550,58.8651,0.0152
25.8050,58.8651,0.0152
25.8550,58.8651,0.0150
25.9050,58.8651,0.0152
25.9550,58.8651,0.0149
26.0050,58.8651,0.0148
26.0550,58.8651,0.0148
26.1050,58.8651,0.0148
26.1550,58.8651,0.0148
26.2050,58.8651,0.0147
26.2550,58.8651,0.0144
26.3050,58.8651,0.0144
26.3550,58.8651,0.0144
26.4050,58.8651,0.0144
26.4550,58.8651,0.0143
26.5050,58.8651,0.0141
26.5550,58.8651,0.0142
26.6050,58.8651,0.0140
26.6550,58.8651,0.0140
26.7050,58.8651,0.0139
26.7550,58.8651,0.0138
26.8050,58.8651,0.0138
26.8550,58.8651,0.0135
26.9050,58.8651,0.0137
26.9550,58.8651,0.0133
27.0050,58.8651,0.0132
27.0550,58.8651,0.0131
27.1050,58.8651,0.0487
27.1550,58.8651,0.0488
27.2050,58.8651,0.0543
27.2550,58.8651,0.0563
27.3050,58.8651,0.0610
27.3550,58.8651,0.0663
27.4050,58.8651,0.0663
27.4550,58.8651,0.0704
27.5050,58.8651,0.0702
27.5550,58.8651,0.0733
27.6050,58.8651,0.0716
27.6550,58.8651,0.0716
27.7050,58.8651,0.0690
27.7550,58.8651,0.0690
27.8050,58.8651,0.0703
27.8550,58.8651,0.0658
27.9050,58.8651,0.0658
27.9550,58.8651,0.0585
28.0050,58.8651,0.0585
28.0550,58.8651,0.0511
28.1050,58.8651,0.0494
28.1550,58.8651,0.0489
28.2050,58.8651,0.0680
22.4050,58.8151,0.0184
22.4550,58.8151,0.0184
22.5050,58.8151,0.0186
22.5550,58.8151,0.0183
22.6050,58.8151,0.0183
22.6550,58.8151,0.0183
22.7050,58.8151,0.0183
22.7550,58.8151,0.0180
22.8050,58.8151,0.0182
22.8550,58.8151,0.0178
22.9050,58.8151,0.0178
22.9550,58.8151,0.0175
23.0050,58.8151,0.0175
23.0550,58.8151,0.0175
23.1050,58.8151,0.0178
23.3550,58.8151,0.0170
23.4050,58.8151,0.0171
23.4550,58.8151,0.0171
23.5050,58.8151,0.0171
23.5550,58.8151,0.0171
23.6050,58.8151,0.0173
23.6550,58.8151,0.0171
23.7050,58.8151,0.0170
23.7550,58.8151,0.0170
23.8050,58.8151,0.0168
23.8550,58.8151,0.0168
23.9050,58.8151,0.0168
23.9550,58.8151,0.0168
24.0050,58.8151,0.0166
24.0550,58.8151,0.0168
24.1050,58.8151,0.0166
24.1550,58.8151,0.0166
24.2050,58.8151,0.0166
24.2550,58.8151,0.0166
24.3050,58.8151,0.0164
24.3550,58.8151,0.0165
24.4050,58.8151,0.0164
24.4550,58.8151,0.0164
24.5050,58.8151,0.0164
24.5550,58.8151,0.0162
24.6050,58.8151,0.0163
24.6550,58.8151,0.0162
24.7050,58.8151,0.0162
24.7550,58.8151,0.0162
24.8050,58.8151,0.0162
24.8550,58.8151,0.0162
24.9050,58.8151,0.0162
24.9550,58.8151,0.0160
25.0050,58.8151,0.0160
25.0550,58.8151,0.0160
25.1050,58.8151,0.0160
25.1550,58.8151,0.0160
25.2050,58.8151,0.0158
25.2550,58.8151,0.0160
25.3050,58.8151,0.0158
25.3550,58.8151,0.0157
25.4050,58.8151,0.0157
25.4550,58.8151,0.0157
25.5050,58.8151,0.0157
25.5550,58.8151,0.0157
25.6050,58.8151,0.0155
25.6550,58.8151,0.0155
25.7050,58.8151,0.0154
25.7550,58.8151,0.0154
25.8050,58.8151,0.0154
25.8550,58.8151,0.0152
25.9050,58.8151,0.0153
25.9550,58.8151,0.0151
26.0050,58.8151,0.0152
26.0550,58.8151,0.0151
26.1050,58.8151,0.0150
26.1550,58.8151,0.0150
26.2050,58.8151,0.0147
26.2550,58.8151,0.0149
26.3050,58.8151,0.0146
26.3550,58.8151,0.0145
26.4050,58.8151,0.0145
26.4550,58.8151,0.0144
26.5050,58.8151,0.0144
26.5550,58.8151,0.0142
26.6050,58.8151,0.0142
26.6550,58.8151,0.0142
26.7050,58.8151,0.0140
26.7550,58.8151,0.0140
26.8050,58.8151,0.0139
26.8550,58.8151,0.0139
26.9050,58.8151,0.0137
26.9550,58.8151,0.0135
27.0050,58.8151,0.0135
27.0550,58.8151,0.0418
27.1050,58.8151,0.0418
27.1550,58.8151,0.0477
27.2050,58.8151,0.0539
27.2550,58.8151,0.0538
27.3050,58.8151,0.0595
27.3550,58.8151,0.0595
27.4050,58.8151,0.0643
27.4550,58.8151,0.0701
27.5050,58.8151,0.0656
27.5550,58.8151,0.0688
27.6050,58.8151,0.0685
27.6550,58.8151,0.0667
27.7050,58.8151,0.0679
27.7550,58.8151,0.0634
27.8050,58.8151,0.0651
27.8550,58.8151,0.0587
27.9050,58.8151,0.0591
27.9550,58.8151,0.0534
28.0050,58.8151,0.0524
28.0550,58.8151,0.0513
28.1050,58.8151,0.0766
28.1550,58.8151,0.0718
28.2050,58.8151,0.0622
22.4050,58.7651,0.0186
22.4550,58.7651,0.0186
22.5050,58.7651,0.0187
22.5550,58.7651,0.0189
22.6050,58.7651,0.0186
22.6550,58.7651,0.0183
22.7050,58.7651,0.0183
22.7550,58.7651,0.0182
22.8050,58.7651,0.0182
22.8550,58.7651,0.0182
22.9050,58.7651,0.0178
23.0050,58.7651,0.0175
23.0550,58.7651,0.0180
23.1050,58.7651,0.0181
23.1550,58.7651,0.0181
23.3050,58.7651,0.0181
23.3550,58.7651,0.0177
23.4050,58.7651,0.0172
23.4550,58.7651,0.0172
23.5050,58.7651,0.0173
23.5550,58.7651,0.0173
23.6050,58.7651,0.0173
23.6550,58.7651,0.0172
23.7050,58.7651,0.0174
23.7550,58.7651,0.0170
23.8050,58.7651,0.0170
23.8550,58.7651,0.0170
23.9050,58.7651,0.0171
23.9550,58.7651,0.0170
24.0050,58.7651,0.0168
24.0550,58.7651,0.0169
24.1050,58.7651,0.0167
24.1550,58.7651,0.0167
24.2050,58.7651,0.0167
24.2550,58.7651,0.0167
24.3050,58.7651,0.0166
24.3550,58.7651,0.0167
24.4050,58.7651,0.0166
24.4550,58.7651,0.0166
24.5050,58.7651,0.0165
24.5550,58.7651,0.0164
24.6050,58.7651,0.0165
24.6550,58.7651,0.0164
24.7050,58.7651,0.0164
24.7550,58.7651,0.0163
24.8050,58.7651,0.0163
24.8550,58.7651,0.0163
24.9050,58.7651,0.0162
24.9550,58.7651,0.0163
25.0050,58.7651,0.0161
25.0550,58.7651,0.0161
25.1050,58.7651,0.0161
25.1550,58.7651,0.0161
25.2050,58.7651,0.0161
25.2550,58.7651,0.0161
25.3050,58.7651,0.0160
25.3550,58.7651,0.0160
25.4050,58.7651,0.0159
25.4550,58.7651,0.0159
25.5050,58.7651,0.0159
25.5550,58.7651,0.0157
25.6050,58.7651,0.0158
25.6550,58.7651,0.0156
25.7050,58.7651,0.0157
25.7550,58.7651,0.0156
25.8050,58.7651,0.0155
25.8550,58.7651,0.0155
25.9050,58.7651,0.0153
25.9550,58.7651,0.0154
26.0050,58.7651,0.0153
26.0550,58.7651,0.0152
26.1050,58.7651,0.0152
26.1550,58.7651,0.0151
26.2050,58.7651,0.0151
26.2550,58.7651,0.0150
26.3050,58.7651,0.0148
26.3550,58.7651,0.0148
26.4050,58.7651,0.0147
26.4550,58.7651,0.0147
26.5050,58.7651,0.0145
26.5550,58.7651,0.0144
26.6050,58.7651,0.0145
26.6550,58.7651,0.0143
26.7050,58.7651,0.0143
26.7550,58.7651,0.0141
26.8050,58.7651,0.0139
26.8550,58.7651,0.0140
26.9050,58.7651,0.0138
26.9550,58.7651,0.0139
27.0050,58.7651,0.0136
27.0550,58.7651,0.0407
27.1050,58.7651,0.0407
27.1550,58.7651,0.0477
27.2050,58.7651,0.0451
27.2550,58.7651,0.0523
27.3050,58.7651,0.0559
27.3550,58.7651,0.0559
27.4050,58.7651,0.0600
27.4550,58.7651,0.0600
27.5050,58.7651,0.0656
27.5550,58.7651,0.0638
27.6050,58.7651,0.0638
27.6550,58.7651,0.0611
27.7050,58.7651,0.0611
27.7550,58.7651,0.0571
27.8050,58.7651,0.0585
27.8550,58.7651,0.0586
27.9050,58.7651,0.0529
27.9550,58.7651,0.0529
28.0050,58.7651,0.0797
28.0550,58.7651,0.0796
28.1050,58.7651,0.0680
28.1550,58.7651,0.0644
28.2050,58.7651,0.0644
22.4050,58.7151,0.0188
22.4550,58.7151,0.0189
22.5050,58.7151,0.0189
22.5550,58.7151,0.0192
22.6050,58.7151,0.0188
22.6550,58.7151,0.0188
23.1050,58.7151,0.0181
23.5550,58.7151,0.0176
23.6050,58.7151,0.0176
23.6550,58.7151,0.0174
23.7050,58.7151,0.0174
23.7550,58.7151,0.0173
23.8050,58.7151,0.0173
23.8550,58.7151,0.0171
23.9050,58.7151,0.0173
23.9550,58.7151,0.0171
24.0050,58.7151,0.0171
24.0550,58.7151,0.0171
24.1050,58.7151,0.0171
24.1550,58.7151,0.0169
24.2050,58.7151,0.0169
24.2550,58.7151,0.0169
24.3050,58.7151,0.0167
24.3550,58.7151,0.0169
24.4050,58.7151,0.0167
24.4550,58.7151,0.0167
24.5050,58.7151,0.0167
24.5550,58.7151,0.0167
24.6050,58.7151,0.0165
24.6550,58.7151,0.0165
24.7050,58.7151,0.0165
24.7550,58.7151,0.0165
24.8050,58.7151,0.0165
24.8550,58.7151,0.0165
24.9050,58.7151,0.0163
24.9550,58.7151,0.0165
25.0050,58.7151,0.0163
25.0550,58.7151,0.0163
25.1050,58.7151,0.0162
25.1550,58.7151,0.0161
25.2050,58.7151,0.0163
25.2550,58.7151,0.0161
25.3050,58.7151,0.0162
25.3550,58.7151,0.0161
25.4050,58.7151,0.0161
25.4550,58.7151,0.0161
25.5050,58.7151,0.0160
25.5550,58.7151,0.0160
25.6050,58.7151,0.0158
25.6550,58.7151,0.0158
25.7050,58.7151,0.0158
25.7550,58.7151,0.0157
25.8050,58.7151,0.0157
25.8550,58.7151,0.0157
25.9050,58.7151,0.0155
25.9550,58.7151,0.0156
26.0050,58.7151,0.0154
26.0550,58.7151,0.0154
26.1050,58.7151,0.0153
26.1550,58.7151,0.0151
26.2050,58.7151,0.0153
26.2550,58.7151,0.0151
26.3050,58.7151,0.0152
26.3550,58.7151,0.0150
26.4050,58.7151,0.0149
26.4550,58.7151,0.0149
26.5050,58.7151,0.0147
26.5550,58.7151,0.0147
26.6050,58.7151,0.0145
26.6550,58.7151,0.0144
26.7050,58.7151,0.0144
26.7550,58.7151,0.0142
26.8050,58.7151,0.0142
26.8550,58.7151,0.0141
26.9050,58.7151,0.0139
26.9550,58.7151,0.0139
27.0050,58.7151,0.0137
27.0550,58.7151,0.0137
27.1050,58.7151,0.0387
27.1550,58.7151,0.0451
27.2050,58.7151,0.0419
27.2550,58.7151,0.0493
27.3050,58.7151,0.0492
27.3550,58.7151,0.0524
27.4050,58.7151,0.0580
27.4550,58.7151,0.0548
27.5050,58.7151,0.0603
27.5550,58.7151,0.0550
27.6050,58.7151,0.0580
27.6550,58.7151,0.0564
27.7050,58.7151,0.0548
27.7550,58.7151,0.0570
27.8050,58.7151,0.0519
27.8550,58.7151,0.0527
27.9050,58.7151,0.0482
27.9550,58.7151,0.0478
28.0050,58.7151,0.0713
28.0550,58.7151,0.0696
28.1050,58.7151,0.0676
28.1550,58.7151,0.0594
28.2050,58.7151,0.0562
22.5050,58.6651,0.0192
22.5550,58.6651,0.0192
22.6050,58.6651,0.0188
23.0050,58.6651,0.0188
23.1050,58.6651,0.0185
23.1550,58.6651,0.0181
23.2050,58.6651,0.0181
23.2550,58.6651,0.0182
23.3050,58.6651,0.0182
23.3550,58.6651,0.0182
23.4050,58.6651,0.0182
23.4550,58.6651,0.0182
23.5050,58.6651,0.0178
23.5550,58.6651,0.0176
23.6050,58.6651,0.0177
23.6550,58.6651,0.0177
23.7050,58.6651,0.0176
23.7550,58.6651,0.0176
23.8050,58.6651,0.0175
23.8550,58.6651,0.0173
23.9050,58.6651,0.0174
23.9550,58.6651,0.0172
24.0050,58.6651,0.0172
24.0550,58.6651,0.0171
24.1050,58.6651,0.0171
24.1550,58.6651,0.0170
24.2050,58.6651,0.0171
24.2550,58.6651,0.0170
24.3050,58.6651,0.0170
24.3550,58.6651,0.0170
24.4050,58.6651,0.0169
24.4550,58.6651,0.0168
24.5050,58.6651,0.0168
24.5550,58.6651,0.0168
24.6050,58.6651,0.0167
24.6550,58.6651,0.0168
24.7050,58.6651,0.0167
24.7550,58.6651,0.0167
24.8050,58.6651,0.0166
24.8550,58.6651,0.0165
24.9050,58.6651,0.0166
24.9550,58.6651,0.0165
25.0050,58.6651,0.0165
25.0550,58.6651,0.0164
25.1050,58.6651,0.0164
25.1550,58.6651,0.0164
25.2050,58.6651,0.0164
25.2550,58.6651,0.0163
25.3050,58.6651,0.0163
25.3550,58.6651,0.0162
25.4050,58.6651,0.0162
25.4550,58.6651,0.0162
25.5050,58.6651,0.0161
25.5550,58.6651,0.0162
25.6050,58.6651,0.0160
25.6550,58.6651,0.0161
25.7050,58.6651,0.0159
25.7550,58.6651,0.0159
25.8050,58.6651,0.0159
25.8550,58.6651,0.0157
25.9050,58.6651,0.0158
25.9550,58.6651,0.0156
26.0050,58.6651,0.0156
26.0550,58.6651,0.0156
26.1050,58.6651,0.0155
26.1550,58.6651,0.0155
26.2050,58.6651,0.0154
26.2550,58.6651,0.0152
26.3050,58.6651,0.0152
26.3550,58.6651,0.0151
26.4050,58.6651,0.0151
26.4550,58.6651,0.0150
26.5050,58.6651,0.0147
26.5550,58.6651,0.0149
26.6050,58.6651,0.0146
26.6550,58.6651,0.0146
26.7050,58.6651,0.0145
26.7550,58.6651,0.0143
26.8050,58.6651,0.0143
26.8550,58.6651,0.0141
26.9050,58.6651,0.0142
26.9550,58.6651,0.0140
27.0050,58.6651,0.0138
27.0550,58.6651,0.0138
27.1050,58.6651,0.0368
27.1550,58.6651,0.0366
27.2050,58.6651,0.0419
27.2550,58.6651,0.0457
27.3050,58.6651,0.0458
27.3550,58.6651,0.0489
27.4050,58.6651,0.0489
27.4550,58.6651,0.0513
27.5050,58.6651,0.0537
27.5550,58.6651,0.0546
27.6050,58.6651,0.0529
27.6550,58.6651,0.0529
27.7050,58.6651,0.0504
27.7550,58.6651,0.0505
27.8050,58.6651,0.0489
27.8550,58.6651,0.0477
27.9050,58.6651,0.0477
27.9550,58.6651,0.0705
28.0050,58.6651,0.0705
28.0550,58.6651,0.0618
28.1050,58.6651,0.0597
28.1550,58.6651,0.0594
28.2050,58.6651,0.0505
22.5050,58.6151,0.0204
22.5550,58.6151,0.0199
22.6050,58.6151,0.0199
22.6550,58.6151,0.0196
22.7050,58.6151,0.0196
22.7550,58.6151,0.0194
22.8050,58.6151,0.0189
22.8550,58.6151,0.0189
22.9050,58.6151,0.0188
22.9550,58.6151,0.0188
23.0050,58.6151,0.0188
23.0550,58.6151,0.0185
23.1050,58.6151,0.0185
23.1550,58.6151,0.0185
23.2050,58.6151,0.0182
23.2550,58.6151,0.0183
23.3050,58.6151,0.0182
23.3550,58.6151,0.0182
23.4050,58.6151,0.0182
23.4550,58.6151,0.0182
23.5050,58.6151,0.0180
23.5550,58.6151,0.0180
23.6050,58.6151,0.0178
23.6550,58.6151,0.0178
23.7050,58.6151,0.0177
23.7550,58.6151,0.0177
23.8050,58.6151,0.0176
23.8550,58.6151,0.0176
23.9050,58.6151,0.0175
23.9550,58.6151,0.0175
24.0050,58.6151,0.0173
24.0550,58.6151,0.0172
24.1050,58.6151,0.0173
24.1550,58.6151,0.0171
24.2050,58.6151,0.0172
24.2550,58.6151,0.0171
24.3050,58.6151,0.0171
24.3550,58.6151,0.0171
24.4050,58.6151,0.0171
24.4550,58.6151,0.0170
24.5050,58.6151,0.0170
24.5550,58.6151,0.0169
24.6050,58.6151,0.0168
24.6550,58.6151,0.0169
24.7050,58.6151,0.0168
24.7550,58.6151,0.0168
24.8050,58.6151,0.0167
24.8550,58.6151,0.0167
24.9050,58.6151,0.0167
24.9550,58.6151,0.0165
25.0050,58.6151,0.0165
25.0550,58.6151,0.0165
25.1050,58.6151,0.0165
25.1550,58.6151,0.0165
25.2050,58.6151,0.0164
25.2550,58.6151,0.0165
25.3050,58.6151,0.0164
25.3550,58.6151,0.0164
25.4050,58.6151,0.0163
25.4550,58.6151,0.0163
25.5050,58.6151,0.0163
25.5550,58.6151,0.0162
25.6050,58.6151,0.0162
25.6550,58.6151,0.0161
25.7050,58.6151,0.0160
25.7550,58.6151,0.0160
25.8050,58.6151,0.0160
25.8550,58.6151,0.0160
25.9050,58.6151,0.0159
25.9550,58.6151,0.0157
26.0050,58.6151,0.0157
26.0550,58.6151,0.0157
26.1050,58.6151,0.0156
26.1550,58.6151,0.0156
26.2050,58.6151,0.0154
26.2550,58.6151,0.0155
26.3050,58.6151,0.0154
26.3550,58.6151,0.0152
26.4050,58.6151,0.0152
26.4550,58.6151,0.0151
26.5050,58.6151,0.0151
26.5550,58.6151,0.0149
26.6050,58.6151,0.0148
26.6550,58.6151,0.0147
26.7050,58.6151,0.0146
26.7550,58.6151,0.0146
26.8050,58.6151,0.0144
26.8550,58.6151,0.0143
26.9050,58.6151,0.0142
26.9550,58.6151,0.0141
27.0050,58.6151,0.0141
27.0550,58.6151,0.0139
27.1050,58.6151,0.0160
27.1550,58.6151,0.0341
27.2050,58.6151,0.0396
27.2550,58.6151,0.0390
27.3050,58.6151,0.0420
27.3550,58.6151,0.0421
27.4050,58.6151,0.0448
27.4550,58.6151,0.0511
27.5050,58.6151,0.0470
27.5550,58.6151,0.0505
27.6050,58.6151,0.0490
27.6550,58.6151,0.0484
27.7050,58.6151,0.0483
27.7550,58.6151,0.0454
27.8050,58.6151,0.0469
27.8550,58.6151,0.0417
27.9050,58.6151,0.0421
27.9550,58.6151,0.0629
28.0050,58.6151,0.0629
28.0550,58.6151,0.0616
28.1050,58.6151,0.0538
28.1550,58.6151,0.0525
28.2050,58.6151,0.0446
22.1550,58.5651,0.0223
22.2050,58.5651,0.0222
22.2550,58.5651,0.0213
22.3050,58.5651,0.0213
22.3550,58.5651,0.0213
22.4050,58.5651,0.0210
22.4550,58.5651,0.0204
22.5050,58.5651,0.0204
22.5550,58.5651,0.0201
22.6050,58.5651,0.0201
22.6550,58.5651,0.0196
22.7050,58.5651,0.0199
22.7550,58.5651,0.0194
22.8050,58.5651,0.0194
22.8550,58.5651,0.0192
22.9050,58.5651,0.0191
22.9550,58.5651,0.0188
23.0050,58.5651,0.0190
23.0550,58.5651,0.0188
23.1050,58.5651,0.0185
23.1550,58.5651,0.0185
23.2050,58.5651,0.0184
23.2550,58.5651,0.0184
23.3050,58.5651,0.0183
23.3550,58.5651,0.0183
23.4050,58.5651,0.0182
23.4550,58.5651,0.0182
23.5050,58.5651,0.0182
23.5550,58.5651,0.0180
23.6050,58.5651,0.0179
23.6550,58.5651,0.0180
23.7050,58.5651,0.0178
23.7550,58.5651,0.0178
23.8050,58.5651,0.0177
23.8550,58.5651,0.0177
23.9050,58.5651,0.0175
23.9550,58.5651,0.0176
24.0050,58.5651,0.0175
24.0550,58.5651,0.0175
24.1050,58.5651,0.0174
24.1550,58.5651,0.0174
24.2050,58.5651,0.0173
24.2550,58.5651,0.0172
24.3050,58.5651,0.0172
24.3550,58.5651,0.0171
24.4050,58.5651,0.0172
24.4550,58.5651,0.0170
24.5050,58.5651,0.0171
24.5550,58.5651,0.0170
24.6050,58.5651,0.0170
24.6550,58.5651,0.0169
24.7050,58.5651,0.0170
24.7550,58.5651,0.0168
24.8050,58.5651,0.0168
24.8550,58.5651,0.0168
24.9050,58.5651,0.0167
24.9550,58.5651,0.0168
25.0050,58.5651,0.0167
25.0550,58.5651,0.0166
25.1050,58.5651,0.0166
25.1550,58.5651,0.0166
25.2050,58.5651,0.0166
25.2550,58.5651,0.0166
25.3050,58.5651,0.0165
25.3550,58.5651,0.0165
25.4050,58.5651,0.0164
25.4550,58.5651,0.0164
25.5050,58.5651,0.0164
25.5550,58.5651,0.0162
25.6050,58.5651,0.0163
25.6550,58.5651,0.0162
25.7050,58.5651,0.0163
25.7550,58.5651,0.0162
25.8050,58.5651,0.0161
25.8550,58.5651,0.0161
25.9050,58.5651,0.0159
25.9550,58.5651,0.0160
26.0050,58.5651,0.0158
26.0550,58.5651,0.0158
26.1050,58.5651,0.0158
26.1550,58.5651,0.0157
26.2050,58.5651,0.0157
26.2550,58.5651,0.0156
26.3050,58.5651,0.0154
26.3550,58.5651,0.0154
26.4050,58.5651,0.0153
26.4550,58.5651,0.0153
26.5050,58.5651,0.0152
26.5550,58.5651,0.0150
26.6050,58.5651,0.0151
26.6550,58.5651,0.0149
26.7050,58.5651,0.0148
26.7550,58.5651,0.0146
26.8050,58.5651,0.0144
26.8550,58.5651,0.0145
26.9050,58.5651,0.0143
26.9550,58.5651,0.0142
27.0050,58.5651,0.0141
27.0550,58.5651,0.0139
27.1050,58.5651,0.0139
27.1550,58.5651,0.0341
27.2050,58.5651,0.0322
27.2550,58.5651,0.0371
27.3050,58.5651,0.0394
27.3550,58.5651,0.0394
27.4050,58.5651,0.0410
27.4550,58.5651,0.0411
27.5050,58.5651,0.0469
27.5550,58.5651,0.0460
27.6050,58.5651,0.0460
27.6550,58.5651,0.0434
27.7050,58.5651,0.0434
27.7550,58.5651,0.0408
27.8050,58.5651,0.0416
27.8550,58.5651,0.0416
27.9050,58.5651,0.0383
27.9550,58.5651,0.0383
28.0050,58.5651,0.0545
28.0550,58.5651,0.0538
28.1050,58.5651,0.0479
28.1550,58.5651,0.0465
28.2050,58.5651,0.0465
21.8550,58.5151,0.0227
21.9050,58.5151,0.0227
21.9550,58.5151,0.0227
22.0050,58.5151,0.0227
22.1050,58.5151,0.0223
22.1550,58.5151,0.0223
22.2050,58.5151,0.0221
22.2550,58.5151,0.0221
22.3050,58.5151,0.0216
22.3550,58.5151,0.0216
22.4050,58.5151,0.0212
22.4550,58.5151,0.0213
22.5050,58.5151,0.0207
22.5550,58.5151,0.0205
22.6050,58.5151,0.0204
22.6550,58.5151,0.0199
22.7050,58.5151,0.0202
22.7550,58.5151,0.0196
22.8050,58.5151,0.0196
22.8550,58.5151,0.0194
22.9050,58.5151,0.0194
22.9550,58.5151,0.0190
23.0050,58.5151,0.0192
23.0550,58.5151,0.0188
23.1050,58.5151,0.0188
23.1550,58.5151,0.0187
23.2050,58.5151,0.0185
23.2550,58.5151,0.0185
23.3050,58.5151,0.0184
23.3550,58.5151,0.0184
23.4050,58.5151,0.0182
23.4550,58.5151,0.0182
23.6050,58.5151,0.0180
23.6550,58.5151,0.0180
23.7050,58.5151,0.0179
23.7550,58.5151,0.0179
23.8050,58.5151,0.0179
23.8550,58.5151,0.0178
23.9050,58.5151,0.0176
23.9550,58.5151,0.0177
24.0050,58.5151,0.0175
24.0550,58.5151,0.0175
24.1050,58.5151,0.0174
24.1550,58.5151,0.0174
24.2050,58.5151,0.0173
24.2550,58.5151,0.0174
24.3050,58.5151,0.0173
24.3550,58.5151,0.0173
24.4050,58.5151,0.0172
24.4550,58.5151,0.0171
24.5050,58.5151,0.0171
24.5550,58.5151,0.0171
24.6050,58.5151,0.0171
24.6550,58.5151,0.0170
24.7050,58.5151,0.0171
24.7550,58.5151,0.0170
24.8050,58.5151,0.0170
24.8550,58.5151,0.0169
24.9050,58.5151,0.0169
24.9550,58.5151,0.0168
25.0050,58.5151,0.0168
25.0550,58.5151,0.0168
25.1050,58.5151,0.0167
25.1550,58.5151,0.0167
25.2050,58.5151,0.0167
25.2550,58.5151,0.0166
25.3050,58.5151,0.0166
25.3550,58.5151,0.0165
25.4050,58.5151,0.0165
25.4550,58.5151,0.0165
25.5050,58.5151,0.0165
25.5550,58.5151,0.0165
25.6050,58.5151,0.0164
25.6550,58.5151,0.0163
25.7050,58.5151,0.0163
25.7550,58.5151,0.0162
25.8050,58.5151,0.0162
25.8550,58.5151,0.0161
25.9050,58.5151,0.0160
25.9550,58.5151,0.0160
26.0050,58.5151,0.0159
26.0550,58.5151,0.0159
26.1050,58.5151,0.0159
26.1550,58.5151,0.0157
26.2050,58.5151,0.0158
26.2550,58.5151,0.0156
26.3050,58.5151,0.0157
26.3550,58.5151,0.0156
26.4050,58.5151,0.0155
26.4550,58.5151,0.0155
26.5050,58.5151,0.0153
26.5550,58.5151,0.0153
26.6050,58.5151,0.0151
26.6550,58.5151,0.0149
26.7050,58.5151,0.0149
26.7550,58.5151,0.0147
26.8050,58.5151,0.0147
26.8550,58.5151,0.0145
26.9050,58.5151,0.0143
26.9550,58.5151,0.0143
27.0050,58.5151,0.0141
27.0550,58.5151,0.0141
27.1050,58.5151,0.0280
27.1550,58.5151,0.0318
27.2050,58.5151,0.0300
27.2550,58.5151,0.0342
27.3050,58.5151,0.0342
27.3550,58.5151,0.0364
27.4050,58.5151,0.0409
27.4550,58.5151,0.0379
27.5050,58.5151,0.0422
27.5550,58.5151,0.0392
27.6050,58.5151,0.0414
27.6550,58.5151,0.0395
27.7050,58.5151,0.0395
27.7550,58.5151,0.0407
27.8050,58.5151,0.0370
27.8550,58.5151,0.0378
27.9050,58.5151,0.0341
27.9550,58.5151,0.0341
28.0050,58.5151,0.0486
28.0550,58.5151,0.0486
28.1050,58.5151,0.0478
28.1550,58.5151,0.0408
28.2050,58.5151,0.0408
21.8550,58.4651,0.0235
21.9050,58.4651,0.0227
21.9550,58.4651,0.0227
22.0050,58.4651,0.0230
22.0550,58.4651,0.0230
22.1050,58.4651,0.0223
22.1550,58.4651,0.0226
22.2050,58.4651,0.0221
22.2550,58.4651,0.0221
22.3050,58.4651,0.0218
22.3550,58.4651,0.0218
22.4050,58.4651,0.0213
22.4550,58.4651,0.0216
22.5050,58.4651,0.0210
22.5550,58.4651,0.0211
22.6050,58.4651,0.0207
22.6550,58.4651,0.0207
22.7050,58.4651,0.0204
22.7550,58.4651,0.0203
22.8050,58.4651,0.0199
22.8550,58.4651,0.0196
22.9050,58.4651,0.0196
22.9550,58.4651,0.0192
23.0050,58.4651,0.0194
23.0550,58.4651,0.0189
23.1050,58.4651,0.0189
23.1550,58.4651,0.0187
23.2050,58.4651,0.0186
23.2550,58.4651,0.0186
23.3050,58.4651,0.0186
23.3550,58.4651,0.0184
23.6550,58.4651,0.0182
23.7050,58.4651,0.0182
23.7550,58.4651,0.0180
23.8050,58.4651,0.0181
23.8550,58.4651,0.0179
23.9050,58.4651,0.0179
23.9550,58.4651,0.0178
24.0050,58.4651,0.0177
24.0550,58.4651,0.0176
24.1050,58.4651,0.0175
24.1550,58.4651,0.0175
24.2050,58.4651,0.0174
24.2550,58.4651,0.0175
24.3050,58.4651,0.0173
24.3550,58.4651,0.0173
24.4050,58.4651,0.0173
24.4550,58.4651,0.0173
24.5050,58.4651,0.0172
24.5550,58.4651,0.0173
24.6050,58.4651,0.0172
24.6550,58.4651,0.0171
24.7050,58.4651,0.0171
24.7550,58.4651,0.0170
24.8050,58.4651,0.0170
24.8550,58.4651,0.0170
24.9050,58.4651,0.0170
24.9550,58.4651,0.0169
25.0050,58.4651,0.0169
25.0550,58.4651,0.0168
25.1050,58.4651,0.0168
25.1550,58.4651,0.0168
25.2050,58.4651,0.0168
25.2550,58.4651,0.0168
25.3050,58.4651,0.0166
25.3550,58.4651,0.0166
25.4050,58.4651,0.0166
25.4550,58.4651,0.0166
25.5050,58.4651,0.0166
25.5550,58.4651,0.0166
25.6050,58.4651,0.0164
25.6550,58.4651,0.0165
25.7050,58.4651,0.0164
25.7550,58.4651,0.0163
25.8050,58.4651,0.0162
25.8550,58.4651,0.0161
25.9050,58.4651,0.0162
25.9550,58.4651,0.0160
26.0050,58.4651,0.0160
26.0550,58.4651,0.0160
26.1050,58.4651,0.0160
26.1550,58.4651,0.0160
26.2050,58.4651,0.0159
26.2550,58.4651,0.0157
26.3050,58.4651,0.0157
26.3550,58.4651,0.0156
26.4050,58.4651,0.0156
26.4550,58.4651,0.0155
26.5050,58.4651,0.0153
26.5550,58.4651,0.0154
26.6050,58.4651,0.0152
26.6550,58.4651,0.0152
26.7050,58.4651,0.0150
26.7550,58.4651,0.0147
26.8050,58.4651,0.0148
26.8550,58.4651,0.0145
26.9050,58.4651,0.0145
26.9550,58.4651,0.0143
27.0050,58.4651,0.0142
27.0550,58.4651,0.0142
27.1050,58.4651,0.0262
27.1550,58.4651,0.0262
27.2050,58.4651,0.0300
27.2550,58.4651,0.0316
27.3050,58.4651,0.0316
27.3550,58.4651,0.0332
27.4050,58.4651,0.0332
27.4550,58.4651,0.0348
27.5050,58.4651,0.0390
27.5550,58.4651,0.0390
27.6050,58.4651,0.0379
27.6550,58.4651,0.0379
27.7050,58.4651,0.0357
27.7550,58.4651,0.0370
27.8050,58.4651,0.0331
27.8550,58.4651,0.0337
27.9050,58.4651,0.0337
27.9550,58.4651,0.0307
28.0050,58.4651,0.0471
28.0550,58.4651,0.0419
28.1050,58.4651,0.0416
28.1550,58.4651,0.0402
28.2050,58.4651,0.0366
21.8550,58.4151,0.0236
21.9050,58.4151,0.0230
21.9550,58.4151,0.0230
22.0050,58.4151,0.0233
22.0550,58.4151,0.0233
22.1050,58.4151,0.0233
22.1550,58.4151,0.0228
22.2050,58.4151,0.0228
22.2550,58.4151,0.0224
22.3050,58.4151,0.0227
22.3550,58.4151,0.0221
22.4050,58.4151,0.0218
22.4550,58.4151,0.0218
22.5050,58.4151,0.0213
22.5550,58.4151,0.0213
22.6050,58.4151,0.0209
22.6550,58.4151,0.0209
22.7050,58.4151,0.0204
22.7550,58.4151,0.0206
22.8050,58.4151,0.0201
22.8550,58.4151,0.0202
22.9050,58.4151,0.0198
22.9550,58.4151,0.0198
23.0050,58.4151,0.0196
23.0550,58.4151,0.0191
23.1050,58.4151,0.0191
23.1550,58.4151,0.0191
23.2050,58.4151,0.0186
23.2550,58.4151,0.0186
23.3050,58.4151,0.0186
23.7050,58.4151,0.0182
23.7550,58.4151,0.0181
23.8050,58.4151,0.0182
23.8550,58.4151,0.0180
23.9050,58.4151,0.0180
23.9550,58.4151,0.0179
24.0050,58.4151,0.0179
24.0550,58.4151,0.0177
24.1050,58.4151,0.0178
24.1550,58.4151,0.0177
24.2050,58.4151,0.0176
24.2550,58.4151,0.0176
24.3050,58.4151,0.0175
24.3550,58.4151,0.0175
24.4050,58.4151,0.0174
24.4550,58.4151,0.0174
24.5050,58.4151,0.0173
24.5550,58.4151,0.0174
24.6050,58.4151,0.0173
24.6550,58.4151,0.0173
24.7050,58.4151,0.0172
24.7550,58.4151,0.0172
24.8050,58.4151,0.0171
24.8550,58.4151,0.0170
24.9050,58.4151,0.0170
24.9550,58.4151,0.0169
25.0050,58.4151,0.0170
25.0550,58.4151,0.0169
25.1050,58.4151,0.0169
25.1550,58.4151,0.0169
25.2050,58.4151,0.0168
25.2550,58.4151,0.0168
25.3050,58.4151,0.0167
25.3550,58.4151,0.0168
25.4050,58.4151,0.0167
25.4550,58.4151,0.0167
25.5050,58.4151,0.0167
25.5550,58.4151,0.0166
25.6050,58.4151,0.0166
25.6550,58.4151,0.0165
25.7050,58.4151,0.0164
25.7550,58.4151,0.0164
25.8050,58.4151,0.0164
25.8550,58.4151,0.0164
25.9050,58.4151,0.0163
25.9550,58.4151,0.0162
26.0050,58.4151,0.0162
26.0550,58.4151,0.0161
26.1050,58.4151,0.0161
26.1550,58.4151,0.0160
26.2050,58.4151,0.0159
26.2550,58.4151,0.0160
26.3050,58.4151,0.0158
26.3550,58.4151,0.0157
26.4050,58.4151,0.0157
26.4550,58.4151,0.0156
26.5050,58.4151,0.0156
26.5550,58.4151,0.0154
26.6050,58.4151,0.0152
26.6550,58.4151,0.0152
26.7050,58.4151,0.0150
26.7550,58.4151,0.0150
26.8050,58.4151,0.0148
26.8550,58.4151,0.0146
26.9050,58.4151,0.0146
26.9550,58.4151,0.0144
27.0050,58.4151,0.0144
27.0550,58.4151,0.0142
27.1050,58.4151,0.0244
27.1550,58.4151,0.0255
27.2050,58.4151,0.0282
27.2550,58.4151,0.0278
27.3050,58.4151,0.0298
27.3550,58.4151,0.0312
27.4050,58.4151,0.0310
27.4550,58.4151,0.0347
27.5050,58.4151,0.0318
27.5550,58.4151,0.0357
27.6050,58.4151,0.0342
27.6550,58.4151,0.0342
27.7050,58.4151,0.0326
27.7550,58.4151,0.0319
27.8050,58.4151,0.0328
27.8550,58.4151,0.0304
27.9050,58.4151,0.0304
27.9550,58.4151,0.0278
28.0050,58.4151,0.0278
28.0550,58.4151,0.0411
28.1050,58.4151,0.0373
28.1550,58.4151,0.0373
28.2050,58.4151,0.0320
21.8550,58.3651,0.0236
21.9050,58.3651,0.0238
21.9550,58.3651,0.0233
22.0050,58.3651,0.0236
22.0550,58.3651,0.0233
22.1050,58.3651,0.0233
22.1550,58.3651,0.0231
22.2050,58.3651,0.0231
22.2550,58.3651,0.0227
22.3050,58.3651,0.0229
22.3550,58.3651,0.0223
22.4050,58.3651,0.0223
22.4550,58.3651,0.0221
22.5050,58.3651,0.0221
22.5550,58.3651,0.0215
22.6050,58.3651,0.0216
22.6550,58.3651,0.0212
22.7050,58.3651,0.0206
22.7550,58.3651,0.0208
22.8050,58.3651,0.0203
22.8550,58.3651,0.0203
22.9050,58.3651,0.0198
22.9550,58.3651,0.0198
23.0050,58.3651,0.0196
23.0550,58.3651,0.0196
23.7550,58.3651,0.0182
23.8050,58.3651,0.0182
23.8550,58.3651,0.0181
23.9050,58.3651,0.0181
23.9550,58.3651,0.0180
24.0050,58.3651,0.0180
24.0550,58.3651,0.0178
24.1050,58.3651,0.0179
24.1550,58.3651,0.0177
24.2050,58.3651,0.0177
24.2550,58.3651,0.0177
24.3050,58.3651,0.0177
24.3550,58.3651,0.0175
24.4050,58.3651,0.0174
24.4550,58.3651,0.0174
24.5050,58.3651,0.0174
24.5550,58.3651,0.0174
24.6050,58.3651,0.0173
24.6550,58.3651,0.0173
24.7050,58.3651,0.0173
24.7550,58.3651,0.0173
24.8050,58.3651,0.0171
24.8550,58.3651,0.0172
24.9050,58.3651,0.0171
24.9550,58.3651,0.0171
25.0050,58.3651,0.0171
25.0550,58.3651,0.0170
25.1050,58.3651,0.0170
25.1550,58.3651,0.0170
25.2050,58.3651,0.0170
25.2550,58.3651,0.0169
25.3050,58.3651,0.0169
25.3550,58.3651,0.0168
25.4050,58.3651,0.0168
25.4550,58.3651,0.0168
25.5050,58.3651,0.0167
25.5550,58.3651,0.0166
25.6050,58.3651,0.0167
25.6550,58.3651,0.0166
25.7050,58.3651,0.0166
25.7550,58.3651,0.0165
25.8050,58.3651,0.0164
25.8550,58.3651,0.0164
25.9050,58.3651,0.0163
25.9550,58.3651,0.0164
26.0050,58.3651,0.0162
26.0550,58.3651,0.0162
26.1050,58.3651,0.0162
26.1550,58.3651,0.0161
26.2050,58.3651,0.0161
26.2550,58.3651,0.0160
26.3050,58.3651,0.0158
26.3550,58.3651,0.0158
26.4050,58.3651,0.0157
26.4550,58.3651,0.0157
26.5050,58.3651,0.0156
26.5550,58.3651,0.0154
26.6050,58.3651,0.0154
26.6550,58.3651,0.0152
26.7050,58.3651,0.0152
26.7550,58.3651,0.0151
26.8050,58.3651,0.0148
26.8550,58.3651,0.0149
26.9050,58.3651,0.0146
26.9550,58.3651,0.0144
27.0050,58.3651,0.0144
27.0550,58.3651,0.0237
27.1050,58.3651,0.0237
27.1550,58.3651,0.0254
27.2050,58.3651,0.0272
27.2550,58.3651,0.0274
27.3050,58.3651,0.0289
27.3550,58.3651,0.0289
27.4050,58.3651,0.0299
27.4550,58.3651,0.0315
27.5050,58.3651,0.0317
27.5550,58.3651,0.0322
27.6050,58.3651,0.0322
27.6550,58.3651,0.0309
27.7050,58.3651,0.0313
27.7550,58.3651,0.0292
27.8050,58.3651,0.0299
27.8550,58.3651,0.0298
27.9050,58.3651,0.0275
27.9550,58.3651,0.0274
28.0050,58.3651,0.0247
28.0550,58.3651,0.0376
28.1050,58.3651,0.0327
28.1550,58.3651,0.0324
28.2050,58.3651,0.0299
21.8550,58.3151,0.0241
21.9050,58.3151,0.0238
21.9550,58.3151,0.0238
22.0050,58.3151,0.0236
22.0550,58.3151,0.0238
22.1050,58.3151,0.0235
22.1550,58.3151,0.0236
22.2050,58.3151,0.0234
22.2550,58.3151,0.0232
22.3050,58.3151,0.0232
22.3550,58.3151,0.0227
22.4050,58.3151,0.0227
22.4550,58.3151,0.0223
22.5050,58.3151,0.0223
22.5550,58.3151,0.0218
22.6050,58.3151,0.0220
22.6550,58.3151,0.0214
22.7050,58.3151,0.0214
22.7550,58.3151,0.0211
22.8050,58.3151,0.0211
22.8550,58.3151,0.0206
22.9050,58.3151,0.0206
22.9550,58.3151,0.0197
23.7550,58.3151,0.0182
23.8050,58.3151,0.0182
23.8550,58.3151,0.0182
23.9050,58.3151,0.0182
23.9550,58.3151,0.0182
24.0050,58.3151,0.0180
24.0550,58.3151,0.0179
24.1050,58.3151,0.0180
24.1550,58.3151,0.0178
24.2050,58.3151,0.0178
24.2550,58.3151,0.0178
24.3050,58.3151,0.0178
24.6050,58.3151,0.0174
24.6550,58.3151,0.0174
24.7050,58.3151,0.0173
24.7550,58.3151,0.0173
24.8050,58.3151,0.0172
24.8550,58.3151,0.0173
24.9050,58.3151,0.0172
24.9550,58.3151,0.0172
25.0050,58.3151,0.0171
25.0550,58.3151,0.0171
25.1050,58.3151,0.0171
25.1550,58.3151,0.0170
25.2050,58.3151,0.0170
25.2550,58.3151,0.0169
25.3050,58.3151,0.0170
25.3550,58.3151,0.0169
25.4050,58.3151,0.0169
25.4550,58.3151,0.0168
25.5050,58.3151,0.0168
25.5550,58.3151,0.0168
25.6050,58.3151,0.0167
25.6550,58.3151,0.0167
25.7050,58.3151,0.0166
25.7550,58.3151,0.0166
25.8050,58.3151,0.0166
25.8550,58.3151,0.0165
25.9050,58.3151,0.0164
25.9550,58.3151,0.0164
26.0050,58.3151,0.0163
26.0550,58.3151,0.0163
26.1050,58.3151,0.0162
26.1550,58.3151,0.0161
26.2050,58.3151,0.0161
26.2550,58.3151,0.0160
26.3050,58.3151,0.0160
26.3550,58.3151,0.0159
26.4050,58.3151,0.0158
26.4550,58.3151,0.0158
26.5050,58.3151,0.0156
26.5550,58.3151,0.0156
26.6050,58.3151,0.0154
26.6550,58.3151,0.0153
26.7050,58.3151,0.0153
26.7550,58.3151,0.0151
26.8050,58.3151,0.0151
26.8550,58.3151,0.0149
26.9050,58.3151,0.0146
26.9550,58.3151,0.0146
27.0050,58.3151,0.0145
27.0550,58.3151,0.0145
27.1050,58.3151,0.0232
27.1550,58.3151,0.0250
27.2050,58.3151,0.0241
27.2550,58.3151,0.0266
27.3050,58.3151,0.0270
27.3550,58.3151,0.0278
27.4050,58.3151,0.0298
27.4550,58.3151,0.0286
27.5050,58.3151,0.0306
27.5550,58.3151,0.0297
27.6050,58.3151,0.0298
27.6550,58.3151,0.0283
27.7050,58.3151,0.0283
27.7550,58.3151,0.0292
27.8050,58.3151,0.0269
27.8550,58.3151,0.0270
27.9050,58.3151,0.0245
27.9550,58.3151,0.0245
28.0050,58.3151,0.0324
28.0550,58.3151,0.0325
28.1050,58.3151,0.0326
28.1550,58.3151,0.0293
28.2050,58.3151,0.0293
21.8550,58.2651,0.0241
21.9050,58.2651,0.0241
21.9550,58.2651,0.0241
22.0050,58.2651,0.0238
22.0550,58.2651,0.0240
22.1050,58.2651,0.0237
22.1550,58.2651,0.0237
22.2050,58.2651,0.0235
22.2550,58.2651,0.0235
22.3050,58.2651,0.0233
22.3550,58.2651,0.0234
22.4050,58.2651,0.0229
22.4550,58.2651,0.0229
22.5050,58.2651,0.0226
22.5550,58.2651,0.0220
22.6050,58.2651,0.0220
22.6550,58.2651,0.0216
22.7050,58.2651,0.0216
22.7550,58.2651,0.0211
22.8050,58.2651,0.0211
24.0550,58.2651,0.0180
24.1050,58.2651,0.0180
24.1550,58.2651,0.0180
24.2050,58.2651,0.0179
24.2550,58.2651,0.0178
24.3050,58.2651,0.0178
24.5050,58.2651,0.0176
24.5550,58.2651,0.0176
24.6050,58.2651,0.0176
24.6550,58.2651,0.0174
24.7050,58.2651,0.0175
24.7550,58.2651,0.0174
24.8050,58.2651,0.0173
24.8550,58.2651,0.0173
24.9050,58.2651,0.0172
24.9550,58.2651,0.0172
25.0050,58.2651,0.0172
25.0550,58.2651,0.0172
25.1050,58.2651,0.0171
25.1550,58.2651,0.0171
25.2050,58.2651,0.0171
25.2550,58.2651,0.0171
25.3050,58.2651,0.0170
25.3550,58.2651,0.0169
25.4050,58.2651,0.0169
25.4550,58.2651,0.0169
25.5050,58.2651,0.0169
25.5550,58.2651,0.0168
25.6050,58.2651,0.0167
25.6550,58.2651,0.0168
25.7050,58.2651,0.0167
25.7550,58.2651,0.0167
25.8050,58.2651,0.0166
25.8550,58.2651,0.0165
25.9050,58.2651,0.0165
25.9550,58.2651,0.0164
26.0050,58.2651,0.0164
26.0550,58.2651,0.0164
26.1050,58.2651,0.0163
26.1550,58.2651,0.0163
26.2050,58.2651,0.0162
26.2550,58.2651,0.0160
26.3050,58.2651,0.0160
26.3550,58.2651,0.0160
26.4050,58.2651,0.0160
26.4550,58.2651,0.0158
26.5050,58.2651,0.0156
26.5550,58.2651,0.0157
26.6050,58.2651,0.0155
26.6550,58.2651,0.0155
26.7050,58.2651,0.0153
26.7550,58.2651,0.0151
26.8050,58.2651,0.0151
26.8550,58.2651,0.0149
26.9050,58.2651,0.0149
26.9550,58.2651,0.0147
27.0050,58.2651,0.0145
27.0550,58.2651,0.0145
27.1050,58.2651,0.0222
27.1550,58.2651,0.0222
27.2050,58.2651,0.0241
27.2550,58.2651,0.0249
27.3050,58.2651,0.0249
27.3550,58.2651,0.0258
27.4050,58.2651,0.0258
27.4550,58.2651,0.0263
27.5050,58.2651,0.0285
27.5550,58.2651,0.0285
27.6050,58.2651,0.0271
27.6550,58.2651,0.0271
27.7050,58.2651,0.0254
27.7550,58.2651,0.0263
27.8050,58.2651,0.0239
27.8550,58.2651,0.0242
27.9050,58.2651,0.0241
27.9550,58.2651,0.0226
28.0050,58.2651,0.0324
28.0550,58.2651,0.0291
28.1050,58.2651,0.0293
28.1550,58.2651,0.0262
28.2050,58.2651,0.0258
21.9050,58.2151,0.0241
21.9550,58.2151,0.0241
22.0050,58.2151,0.0240
22.0550,58.2151,0.0242
22.1050,58.2151,0.0242
22.1550,58.2151,0.0239
22.2050,58.2151,0.0237
22.2550,58.2151,0.0237
22.3050,58.2151,0.0234
22.3550,58.2151,0.0234
22.4050,58.2151,0.0231
22.4550,58.2151,0.0231
22.5050,58.2151,0.0226
22.5550,58.2151,0.0226
22.6050,58.2151,0.0220
22.6550,58.2151,0.0219
22.7050,58.2151,0.0219
23.9050,58.2151,0.0182
23.9550,58.2151,0.0182
24.1050,58.2151,0.0180
24.1550,58.2151,0.0180
24.5050,58.2151,0.0177
24.5550,58.2151,0.0176
24.6050,58.2151,0.0176
24.6550,58.2151,0.0175
24.7050,58.2151,0.0175
24.7550,58.2151,0.0174
24.8050,58.2151,0.0174
24.8550,58.2151,0.0173
24.9050,58.2151,0.0174
24.9550,58.2151,0.0173
25.0050,58.2151,0.0172
25.0550,58.2151,0.0172
25.1050,58.2151,0.0171
25.1550,58.2151,0.0171
25.2050,58.2151,0.0171
25.2550,58.2151,0.0171
25.3050,58.2151,0.0170
25.3550,58.2151,0.0171
25.4050,58.2151,0.0170
25.4550,58.2151,0.0169
25.5050,58.2151,0.0169
25.5550,58.2151,0.0168
25.6050,58.2151,0.0169
25.6550,58.2151,0.0168
25.7050,58.2151,0.0167
25.7550,58.2151,0.0167
25.8050,58.2151,0.0167
25.8550,58.2151,0.0167
25.9050,58.2151,0.0165
25.9550,58.2151,0.0164
26.0050,58.2151,0.0164
26.0550,58.2151,0.0164
26.1050,58.2151,0.0164
26.1550,58.2151,0.0163
26.2050,58.2151,0.0162
26.2550,58.2151,0.0162
26.3050,58.2151,0.0161
26.3550,58.2151,0.0160
26.4050,58.2151,0.0160
26.4550,58.2151,0.0159
26.5050,58.2151,0.0159
26.5550,58.2151,0.0157
26.6050,58.2151,0.0155
26.6550,58.2151,0.0155
26.7050,58.2151,0.0154
26.7550,58.2151,0.0154
26.8050,58.2151,0.0151
26.8550,58.2151,0.0149
26.9050,58.2151,0.0149
26.9550,58.2151,0.0147
27.0050,58.2151,0.0147
27.0550,58.2151,0.0145
27.1050,58.2151,0.0222
27.1550,58.2151,0.0212
27.2050,58.2151,0.0230
27.2550,58.2151,0.0223
27.3050,58.2151,0.0236
27.3550,58.2151,0.0242
27.4050,58.2151,0.0240
27.4550,58.2151,0.0263
27.5050,58.2151,0.0241
27.5550,58.2151,0.0258
27.6050,58.2151,0.0244
27.6550,58.2151,0.0244
27.7050,58.2151,0.0233
27.7550,58.2151,0.0233
27.8050,58.2151,0.0238
27.8550,58.2151,0.0223
27.9050,58.2151,0.0223
27.9550,58.2151,0.0205
28.0050,58.2151,0.0205
28.0550,58.2151,0.0204
28.1050,58.2151,0.0258
28.1550,58.2151,0.0258
28.2050,58.2151,0.0232
22.0550,58.1651,0.0242
22.1050,58.1651,0.0242
22.1550,58.1651,0.0241
22.2050,58.1651,0.0241
22.2550,58.1651,0.0237
22.4550,58.1651,0.0231
22.5050,58.1651,0.0226
22.5550,58.1651,0.0226
22.7550,58.1651,0.0219
22.8050,58.1651,0.0219
23.9050,58.1651,0.0182
23.9550,58.1651,0.0181
24.0050,58.1651,0.0180
24.0550,58.1651,0.0180
24.2050,58.1651,0.0179
24.2550,58.1651,0.0179
24.4550,58.1651,0.0177
24.5050,58.1651,0.0177
24.5550,58.1651,0.0177
24.6050,58.1651,0.0177
24.6550,58.1651,0.0176
24.7050,58.1651,0.0176
24.7550,58.1651,0.0175
24.8050,58.1651,0.0175
24.8550,58.1651,0.0174
24.9050,58.1651,0.0174
24.9550,58.1651,0.0173
25.0050,58.1651,0.0173
25.0550,58.1651,0.0173
25.1050,58.1651,0.0173
25.1550,58.1651,0.0172
25.2050,58.1651,0.0171
25.2550,58.1651,0.0171
25.3050,58.1651,0.0171
25.3550,58.1651,0.0171
25.4050,58.1651,0.0170
25.4550,58.1651,0.0170
25.5050,58.1651,0.0170
25.5550,58.1651,0.0170
25.6050,58.1651,0.0169
25.6550,58.1651,0.0168
25.7050,58.1651,0.0168
25.7550,58.1651,0.0168
25.8050,58.1651,0.0167
25.8550,58.1651,0.0167
25.9050,58.1651,0.0165
25.9550,58.1651,0.0166
26.0050,58.1651,0.0165
26.0550,58.1651,0.0164
26.1050,58.1651,0.0164
26.1550,58.1651,0.0163
26.2050,58.1651,0.0163
26.2550,58.1651,0.0162
26.3050,58.1651,0.0161
26.3550,58.1651,0.0161
26.4050,58.1651,0.0160
26.4550,58.1651,0.0160
26.5050,58.1651,0.0159
26.5550,58.1651,0.0157
26.6050,58.1651,0.0157
26.6550,58.1651,0.0156
26.7050,58.1651,0.0154
26.7550,58.1651,0.0154
26.8050,58.1651,0.0151
26.8550,58.1651,0.0152
26.9050,58.1651,0.0150
26.9550,58.1651,0.0147
27.0050,58.1651,0.0147
27.0550,58.1651,0.0144
27.1050,58.1651,0.0144
27.1550,58.1651,0.0209
27.2050,58.1651,0.0218
27.2550,58.1651,0.0218
27.3050,58.1651,0.0222
27.3550,58.1651,0.0222
27.4050,58.1651,0.0223
27.4550,58.1651,0.0241
27.5050,58.1651,0.0232
27.5550,58.1651,0.0237
27.6050,58.1651,0.0237
27.6550,58.1651,0.0226
27.7050,58.1651,0.0233
27.7550,58.1651,0.0214
27.8050,58.1651,0.0219
27.8550,58.1651,0.0212
27.9050,58.1651,0.0202
27.9550,58.1651,0.0192
28.0050,58.1651,0.0186
28.0550,58.1651,0.0187
28.1050,58.1651,0.0176
28.1550,58.1651,0.0231
28.2050,58.1651,0.0208
22.1050,58.1151,0.0247
22.1550,58.1151,0.0244
22.2050,58.1151,0.0244
22.2550,58.1151,0.0244
22.4550,58.1151,0.0231
22.5050,58.1151,0.0229
22.5550,58.1151,0.0226
24.0050,58.1151,0.0180
24.0550,58.1151,0.0180
24.5050,58.1151,0.0178
24.5550,58.1151,0.0178
24.6050,58.1151,0.0177
24.6550,58.1151,0.0177
24.7050,58.1151,0.0176
24.7550,58.1151,0.0176
24.8050,58.1151,0.0175
24.8550,58.1151,0.0174
24.9050,58.1151,0.0174
24.9550,58.1151,0.0173
25.0050,58.1151,0.0173
25.0550,58.1151,0.0173
25.1050,58.1151,0.0173
25.1550,58.1151,0.0172
25.2050,58.1151,0.0172
25.2550,58.1151,0.0172
25.3050,58.1151,0.0171
25.3550,58.1151,0.0171
25.4050,58.1151,0.0171
25.4550,58.1151,0.0171
25.5050,58.1151,0.0170
25.5550,58.1151,0.0170
25.6050,58.1151,0.0169
25.6550,58.1151,0.0169
25.7050,58.1151,0.0168
25.7550,58.1151,0.0168
25.8050,58.1151,0.0168
25.8550,58.1151,0.0167
25.9050,58.1151,0.0166
25.9550,58.1151,0.0166
26.0050,58.1151,0.0165
26.0550,58.1151,0.0165
26.1050,58.1151,0.0164
26.1550,58.1151,0.0164
26.2050,58.1151,0.0163
26.2550,58.1151,0.0162
26.3050,58.1151,0.0163
26.3550,58.1151,0.0161
26.4050,58.1151,0.0160
26.4550,58.1151,0.0160
26.5050,58.1151,0.0159
26.5550,58.1151,0.0159
26.6050,58.1151,0.0157
26.6550,58.1151,0.0156
26.7050,58.1151,0.0156
26.7550,58.1151,0.0154
26.8050,58.1151,0.0154
26.8550,58.1151,0.0152
26.9050,58.1151,0.0150
26.9550,58.1151,0.0150
27.0050,58.1151,0.0146
27.0550,58.1151,0.0146
27.1050,58.1151,0.0144
27.1550,58.1151,0.0199
27.2050,58.1151,0.0186
27.2550,58.1151,0.0203
27.3050,58.1151,0.0204
27.3550,58.1151,0.0204
27.4050,58.1151,0.0220
27.4550,58.1151,0.0204
27.5050,58.1151,0.0222
27.5550,58.1151,0.0218
27.6050,58.1151,0.0218
27.6550,58.1151,0.0207
27.7050,58.1151,0.0207
27.7550,58.1151,0.0213
27.8050,58.1151,0.0198
27.8550,58.1151,0.0198
27.9050,58.1151,0.0184
27.9550,58.1151,0.0184
28.0050,58.1151,0.0172
28.0550,58.1151,0.0173
28.1050,58.1151,0.0173
28.1550,58.1151,0.0206
28.2050,58.1151,0.0206
22.0550,58.0651,0.0247
22.1050,58.0651,0.0247
22.1550,58.0651,0.0247
22.2050,58.0651,0.0244
22.2550,58.0651,0.0244
24.0050,58.0651,0.0180
24.5050,58.0651,0.0178
24.5550,58.0651,0.0178
24.6050,58.0651,0.0178
24.6550,58.0651,0.0178
24.7050,58.0651,0.0177
24.7550,58.0651,0.0177
24.8050,58.0651,0.0175
24.8550,58.0651,0.0175
24.9050,58.0651,0.0175
24.9550,58.0651,0.0174
25.0050,58.0651,0.0174
25.0550,58.0651,0.0173
25.1050,58.0651,0.0173
25.1550,58.0651,0.0172
25.2050,58.0651,0.0173
25.2550,58.0651,0.0172
25.3050,58.0651,0.0172
25.3550,58.0651,0.0172
25.4050,58.0651,0.0172
25.4550,58.0651,0.0171
25.5050,58.0651,0.0170
25.5550,58.0651,0.0170
25.6050,58.0651,0.0169
25.6550,58.0651,0.0170
25.7050,58.0651,0.0169
25.7550,58.0651,0.0169
25.8050,58.0651,0.0168
25.8550,58.0651,0.0167
25.9050,58.0651,0.0167
25.9550,58.0651,0.0166
26.0050,58.0651,0.0166
26.0550,58.0651,0.0165
26.1050,58.0651,0.0164
26.1550,58.0651,0.0164
26.2050,58.0651,0.0164
26.2550,58.0651,0.0163
26.3050,58.0651,0.0163
26.3550,58.0651,0.0161
26.4050,58.0651,0.0161
26.4550,58.0651,0.0160
26.5050,58.0651,0.0159
26.5550,58.0651,0.0159
26.6050,58.0651,0.0157
26.6550,58.0651,0.0157
26.7050,58.0651,0.0156
26.7550,58.0651,0.0153
26.8050,58.0651,0.0153
26.8550,58.0651,0.0152
26.9050,58.0651,0.0151
26.9550,58.0651,0.0149
27.0050,58.0651,0.0146
27.0550,58.0651,0.0146
27.1050,58.0651,0.0144
27.1550,58.0651,0.0159
27.2050,58.0651,0.0186
27.2550,58.0651,0.0187
27.3050,58.0651,0.0187
27.3550,58.0651,0.0187
27.4050,58.0651,0.0198
27.4550,58.0651,0.0186
27.5050,58.0651,0.0200
27.5550,58.0651,0.0200
27.6050,58.0651,0.0192
27.6550,58.0651,0.0201
27.7050,58.0651,0.0188
27.7550,58.0651,0.0193
27.8050,58.0651,0.0179
27.8550,58.0651,0.0182
27.9050,58.0651,0.0171
27.9550,58.0651,0.0171
28.0050,58.0651,0.0172
28.0550,58.0651,0.0158
28.1050,58.0651,0.0159
28.1550,58.0651,0.0183
28.2050,58.0651,0.0183
22.0050,58.0151,0.0253
22.0550,58.0151,0.0253
22.1050,58.0151,0.0249
22.1550,58.0151,0.0249
22.2050,58.0151,0.0249
24.4550,58.0151,0.0180
24.5050,58.0151,0.0180
24.5550,58.0151,0.0178
24.6050,58.0151,0.0178
24.6550,58.0151,0.0178
24.7050,58.0151,0.0177
24.7550,58.0151,0.0177
24.8050,58.0151,0.0176
24.8550,58.0151,0.0176
24.9050,58.0151,0.0175
24.9550,58.0151,0.0175
25.0050,58.0151,0.0174
25.0550,58.0151,0.0174
25.1050,58.0151,0.0173
25.1550,58.0151,0.0173
25.2050,58.0151,0.0173
25.2550,58.0151,0.0173
25.3050,58.0151,0.0173
25.3550,58.0151,0.0172
25.4050,58.0151,0.0172
25.4550,58.0151,0.0171
25.5050,58.0151,0.0171
25.5550,58.0151,0.0171
25.6050,58.0151,0.0171
25.6550,58.0151,0.0170
25.7050,58.0151,0.0169
25.7550,58.0151,0.0169
25.8050,58.0151,0.0168
25.8550,58.0151,0.0168
25.9050,58.0151,0.0167
25.9550,58.0151,0.0166
26.0050,58.0151,0.0166
26.0550,58.0151,0.0165
26.1050,58.0151,0.0165
26.1550,58.0151,0.0165
26.2050,58.0151,0.0164
26.2550,58.0151,0.0164
26.3050,58.0151,0.0163
26.3550,58.0151,0.0162
26.4050,58.0151,0.0162
26.4550,58.0151,0.0160
26.5050,58.0151,0.0160
26.5550,58.0151,0.0159
26.6050,58.0151,0.0157
26.6550,58.0151,0.0157
26.7050,58.0151,0.0155
26.7550,58.0151,0.0155
26.8050,58.0151,0.0153
26.8550,58.0151,0.0151
26.9050,58.0151,0.0151
26.9550,58.0151,0.0149
27.0050,58.0151,0.0149
27.0550,58.0151,0.0146
27.1050,58.0151,0.0144
27.1550,58.0151,0.0144
27.2050,58.0151,0.0177
27.2550,58.0151,0.0176
27.3050,58.0151,0.0178
27.3550,58.0151,0.0176
27.4050,58.0151,0.0176
27.4550,58.0151,0.0186
27.5050,58.0151,0.0182
27.5550,58.0151,0.0182
27.6050,58.0151,0.0180
27.6550,58.0151,0.0180
27.7050,58.0151,0.0176
27.7550,58.0151,0.0179
27.8050,58.0151,0.0179
27.8550,58.0151,0.0169
27.9050,58.0151,0.0169
27.9550,58.0151,0.0157
28.0050,58.0151,0.0158
28.0550,58.0151,0.0145
28.1050,58.0151,0.0144
28.1550,58.0151,0.0144
28.2050,58.0151,0.0135
21.9550,57.9651,0.0256
22.0050,57.9651,0.0256
22.0550,57.9651,0.0253
22.1050,57.9651,0.0252
22.1550,57.9651,0.0252
22.2050,57.9651,0.0252
24.4050,57.9651,0.0180
24.4550,57.9651,0.0180
24.5050,57.9651,0.0180
24.5550,57.9651,0.0179
24.6050,57.9651,0.0179
24.6550,57.9651,0.0178
24.7050,57.9651,0.0178
24.7550,57.9651,0.0177
24.8050,57.9651,0.0176
24.8550,57.9651,0.0176
24.9050,57.9651,0.0176
24.9550,57.9651,0.0176
25.0050,57.9651,0.0175
25.0550,57.9651,0.0175
25.1050,57.9651,0.0174
25.1550,57.9651,0.0174
25.2050,57.9651,0.0173
25.2550,57.9651,0.0173
25.3050,57.9651,0.0173
25.3550,57.9651,0.0172
25.4050,57.9651,0.0172
25.4550,57.9651,0.0171
25.5050,57.9651,0.0172
25.5550,57.9651,0.0171
25.6050,57.9651,0.0171
25.6550,57.9651,0.0170
25.7050,57.9651,0.0170
25.7550,57.9651,0.0169
25.8050,57.9651,0.0168
25.8550,57.9651,0.0168
25.9050,57.9651,0.0167
25.9550,57.9651,0.0168
26.0050,57.9651,0.0166
26.0550,57.9651,0.0165
26.1050,57.9651,0.0165
26.1550,57.9651,0.0165
26.2050,57.9651,0.0165
26.2550,57.9651,0.0164
26.3050,57.9651,0.0163
26.3550,57.9651,0.0163
26.4050,57.9651,0.0162
26.4550,57.9651,0.0162
26.5050,57.9651,0.0160
26.5550,57.9651,0.0159
26.6050,57.9651,0.0159
26.6550,57.9651,0.0157
26.7050,57.9651,0.0156
26.7550,57.9651,0.0156
26.8050,57.9651,0.0153
26.8550,57.9651,0.0154
26.9050,57.9651,0.0151
26.9550,57.9651,0.0148
27.0050,57.9651,0.0148
27.0550,57.9651,0.0146
27.1050,57.9651,0.0146
27.1550,57.9651,0.0144
27.2050,57.9651,0.0168
27.2550,57.9651,0.0168
27.3050,57.9651,0.0169
27.3550,57.9651,0.0169
27.4050,57.9651,0.0168
27.4550,57.9651,0.0175
27.5050,57.9651,0.0168
27.5550,57.9651,0.0173
27.6050,57.9651,0.0173
27.6550,57.9651,0.0170
27.7050,57.9651,0.0176
27.7550,57.9651,0.0164
27.8050,57.9651,0.0166
27.8550,57.9651,0.0155
27.9050,57.9651,0.0155
27.9550,57.9651,0.0145
28.0050,57.9651,0.0144
28.0550,57.9651,0.0144
28.1050,57.9651,0.0136
28.1550,57.9651,0.0136
28.2050,57.9651,0.0126
21.9550,57.9151,0.0256
22.0050,57.9151,0.0256
22.0550,57.9151,0.0255
22.1050,57.9151,0.0255
24.4050,57.9151,0.0182
24.4550,57.9151,0.0181
24.5050,57.9151,0.0181
24.5550,57.9151,0.0179
24.6050,57.9151,0.0179
24.6550,57.9151,0.0178
24.7050,57.9151,0.0178
24.7550,57.9151,0.0178
24.8050,57.9151,0.0178
24.8550,57.9151,0.0177
24.9050,57.9151,0.0177
24.9550,57.9151,0.0176
25.0050,57.9151,0.0175
25.0550,57.9151,0.0175
25.1050,57.9151,0.0174
25.1550,57.9151,0.0174
25.2050,57.9151,0.0174
25.2550,57.9151,0.0174
25.3050,57.9151,0.0173
25.3550,57.9151,0.0173
25.4050,57.9151,0.0172
25.4550,57.9151,0.0172
25.5050,57.9151,0.0172
25.5550,57.9151,0.0171
25.6050,57.9151,0.0171
25.6550,57.9151,0.0170
25.7050,57.9151,0.0170
25.7550,57.9151,0.0169
25.8050,57.9151,0.0169
25.8550,57.9151,0.0168
25.9050,57.9151,0.0168
25.9550,57.9151,0.0168
26.0050,57.9151,0.0167
26.0550,57.9151,0.0167
26.1050,57.9151,0.0166
26.1550,57.9151,0.0165
26.2050,57.9151,0.0165
26.2550,57.9151,0.0164
26.3050,57.9151,0.0164
26.3550,57.9151,0.0163
26.4050,57.9151,0.0162
26.4550,57.9151,0.0162
26.5050,57.9151,0.0161
26.5550,57.9151,0.0161
26.6050,57.9151,0.0159
26.6550,57.9151,0.0158
26.7050,57.9151,0.0158
26.7550,57.9151,0.0156
26.8050,57.9151,0.0155
26.8550,57.9151,0.0153
26.9050,57.9151,0.0151
26.9550,57.9151,0.0151
27.0050,57.9151,0.0148
27.0550,57.9151,0.0146
27.1050,57.9151,0.0145
27.1550,57.9151,0.0144
27.2050,57.9151,0.0162
27.2550,57.9151,0.0166
27.3050,57.9151,0.0165
27.3550,57.9151,0.0165
27.4050,57.9151,0.0166
27.4550,57.9151,0.0163
27.5050,57.9151,0.0166
27.5550,57.9151,0.0162
27.6050,57.9151,0.0162
27.6550,57.9151,0.0156
27.7050,57.9151,0.0157
27.7550,57.9151,0.0159
27.8050,57.9151,0.0153
27.8550,57.9151,0.0153
27.9050,57.9151,0.0143
27.9550,57.9151,0.0143
28.0050,57.9151,0.0136
28.0550,57.9151,0.0136
28.1050,57.9151,0.0135
28.1550,57.9151,0.0127
28.2050,57.9151,0.0123
22.0050,57.8651,0.0256
24.3550,57.8651,0.0182
24.4050,57.8651,0.0182
24.4550,57.8651,0.0182
24.5050,57.8651,0.0181
24.5550,57.8651,0.0181
24.6050,57.8651,0.0180
24.6550,57.8651,0.0179
24.7050,57.8651,0.0179
24.7550,57.8651,0.0178
24.8050,57.8651,0.0178
24.8550,57.8651,0.0177
24.9050,57.8651,0.0177
24.9550,57.8651,0.0176
25.0050,57.8651,0.0176
25.0550,57.8651,0.0175
25.1050,57.8651,0.0175
25.1550,57.8651,0.0175
25.2050,57.8651,0.0174
25.2550,57.8651,0.0174
25.3050,57.8651,0.0173
25.3550,57.8651,0.0173
25.4050,57.8651,0.0173
25.4550,57.8651,0.0173
25.5050,57.8651,0.0172
25.5550,57.8651,0.0172
25.6050,57.8651,0.0171
25.6550,57.8651,0.0170
25.7050,57.8651,0.0170
25.7550,57.8651,0.0169
25.8050,57.8651,0.0169
25.8550,57.8651,0.0168
25.9050,57.8651,0.0168
25.9550,57.8651,0.0168
26.0050,57.8651,0.0167
26.0550,57.8651,0.0167
26.1050,57.8651,0.0166
26.1550,57.8651,0.0166
26.2050,57.8651,0.0165
26.2550,57.8651,0.0164
26.3050,57.8651,0.0164
26.3550,57.8651,0.0163
26.4050,57.8651,0.0163
26.4550,57.8651,0.0162
26.5050,57.8651,0.0161
26.5550,57.8651,0.0160
26.6050,57.8651,0.0159
26.6550,57.8651,0.0159
26.7050,57.8651,0.0157
26.7550,57.8651,0.0155
26.8050,57.8651,0.0155
26.8550,57.8651,0.0153
26.9050,57.8651,0.0151
26.9550,57.8651,0.0151
27.0050,57.8651,0.0148
27.0550,57.8651,0.0148
27.1050,57.8651,0.0159
27.1550,57.8651,0.0162
27.2050,57.8651,0.0162
27.2550,57.8651,0.0162
27.3050,57.8651,0.0162
27.3550,57.8651,0.0160
27.4050,57.8651,0.0163
27.4550,57.8651,0.0157
27.5050,57.8651,0.0160
27.5550,57.8651,0.0160
27.6050,57.8651,0.0155
27.6550,57.8651,0.0154
27.7050,57.8651,0.0147
27.7550,57.8651,0.0149
27.8050,57.8651,0.0142
27.8550,57.8651,0.0142
27.9050,57.8651,0.0135
27.9550,57.8651,0.0135
28.0050,57.8651,0.0135
28.0550,57.8651,0.0127
28.1050,57.8651,0.0127
28.1550,57.8651,0.0117
28.2050,57.8651,0.0117
23.2050,57.8151,0.0242
23.2550,57.8151,0.0241
24.3550,57.8151,0.0182
24.4050,57.8151,0.0182
24.4550,57.8151,0.0182
24.5050,57.8151,0.0181
24.5550,57.8151,0.0181
24.6050,57.8151,0.0180
24.6550,57.8151,0.0180
24.7050,57.8151,0.0179
24.7550,57.8151,0.0179
24.8050,57.8151,0.0178
24.8550,57.8151,0.0177
24.9050,57.8151,0.0177
24.9550,57.8151,0.0176
25.0050,57.8151,0.0176
25.0550,57.8151,0.0175
25.1050,57.8151,0.0175
25.1550,57.8151,0.0175
25.2050,57.8151,0.0175
25.2550,57.8151,0.0174
25.3050,57.8151,0.0173
25.3550,57.8151,0.0173
25.4050,57.8151,0.0173
25.4550,57.8151,0.0173
25.5050,57.8151,0.0172
25.5550,57.8151,0.0172
25.6050,57.8151,0.0171
25.6550,57.8151,0.0171
25.7050,57.8151,0.0170
25.7550,57.8151,0.0170
25.8050,57.8151,0.0170
25.8550,57.8151,0.0169
25.9050,57.8151,0.0169
25.9550,57.8151,0.0168
26.0050,57.8151,0.0168
26.0550,57.8151,0.0167
26.1050,57.8151,0.0167
26.1550,57.8151,0.0166
26.2050,57.8151,0.0165
26.2550,57.8151,0.0165
26.3050,57.8151,0.0164
26.3550,57.8151,0.0163
26.4050,57.8151,0.0163
26.4550,57.8151,0.0162
26.5050,57.8151,0.0162
26.5550,57.8151,0.0160
26.6050,57.8151,0.0159
26.6550,57.8151,0.0159
26.7050,57.8151,0.0157
26.7550,57.8151,0.0157
26.8050,57.8151,0.0155
26.8550,57.8151,0.0153
26.9050,57.8151,0.0153
26.9550,57.8151,0.0150
27.0050,57.8151,0.0151
27.0550,57.8151,0.0157
27.1050,57.8151,0.0159
27.1550,57.8151,0.0156
27.2050,57.8151,0.0158
27.2550,57.8151,0.0156
27.3050,57.8151,0.0156
27.3550,57.8151,0.0153
27.4050,57.8151,0.0153
27.4550,57.8151,0.0157
27.5050,57.8151,0.0153
27.5550,57.8151,0.0153
27.6050,57.8151,0.0145
27.6550,57.8151,0.0145
27.7050,57.8151,0.0140
27.7550,57.8151,0.0141
27.8050,57.8151,0.0141
27.8550,57.8151,0.0134
27.9050,57.8151,0.0134
27.9550,57.8151,0.0127
28.0050,57.8151,0.0127
28.0550,57.8151,0.0118
28.1050,57.8151,0.0118
28.1550,57.8151,0.0114
28.2050,57.8151,0.0109
22.5050,57.7651,0.0252
22.5550,57.7651,0.0246
22.6050,57.7651,0.0246
23.2050,57.7651,0.0241
23.2550,57.7651,0.0240
24.3550,57.7651,0.0184
24.4050,57.7651,0.0183
24.4550,57.7651,0.0183
24.5050,57.7651,0.0182
24.5550,57.7651,0.0182
24.6050,57.7651,0.0180
24.6550,57.7651,0.0181
24.7050,57.7651,0.0179
24.7550,57.7651,0.0179
24.8050,57.7651,0.0178
24.8550,57.7651,0.0178
24.9050,57.7651,0.0177
24.9550,57.7651,0.0176
25.0050,57.7651,0.0176
25.0550,57.7651,0.0175
25.1050,57.7651,0.0176
25.1550,57.7651,0.0175
25.2050,57.7651,0.0175
25.2550,57.7651,0.0174
25.3050,57.7651,0.0174
25.3550,57.7651,0.0173
25.4050,57.7651,0.0173
25.4550,57.7651,0.0173
25.5050,57.7651,0.0172
25.5550,57.7651,0.0172
25.6050,57.7651,0.0171
25.6550,57.7651,0.0171
25.7050,57.7651,0.0170
25.7550,57.7651,0.0170
25.8050,57.7651,0.0170
25.8550,57.7651,0.0169
25.9050,57.7651,0.0169
25.9550,57.7651,0.0168
26.0050,57.7651,0.0168
26.0550,57.7651,0.0167
26.1050,57.7651,0.0167
26.1550,57.7651,0.0166
26.2050,57.7651,0.0166
26.2550,57.7651,0.0165
26.3050,57.7651,0.0164
26.3550,57.7651,0.0164
26.4050,57.7651,0.0163
26.4550,57.7651,0.0163
26.5050,57.7651,0.0161
26.5550,57.7651,0.0160
26.6050,57.7651,0.0160
26.6550,57.7651,0.0159
26.7050,57.7651,0.0156
26.7550,57.7651,0.0156
26.8050,57.7651,0.0155
26.8550,57.7651,0.0154
26.9050,57.7651,0.0153
26.9550,57.7651,0.0150
27.0050,57.7651,0.0150
27.0550,57.7651,0.0153
27.1050,57.7651,0.0153
27.1550,57.7651,0.0151
27.2050,57.7651,0.0153
27.2550,57.7651,0.0153
27.3050,57.7651,0.0150
27.3550,57.7651,0.0151
27.4050,57.7651,0.0146
27.4550,57.7651,0.0149
27.5050,57.7651,0.0143
27.5550,57.7651,0.0144
27.6050,57.7651,0.0139
27.6550,57.7651,0.0139
27.7050,57.7651,0.0140
27.7550,57.7651,0.0133
27.8050,57.7651,0.0133
27.8550,57.7651,0.0126
27.9050,57.7651,0.0126
27.9550,57.7651,0.0118
28.0050,57.7651,0.0118
28.0550,57.7651,0.0118
28.1050,57.7651,0.0110
28.1550,57.7651,0.0110
28.2050,57.7651,0.0104
22.3050,57.7151,0.0260
22.3550,57.7151,0.0260
22.4050,57.7151,0.0256
22.4550,57.7151,0.0256
22.5050,57.7151,0.0252
22.5550,57.7151,0.0251
24.3550,57.7151,0.0184
24.4050,57.7151,0.0184
24.4550,57.7151,0.0183
24.5050,57.7151,0.0183
24.5550,57.7151,0.0182
24.6050,57.7151,0.0182
24.6550,57.7151,0.0181
24.7050,57.7151,0.0179
24.7550,57.7151,0.0179
24.8050,57.7151,0.0179
24.8550,57.7151,0.0179
24.9050,57.7151,0.0177
24.9550,57.7151,0.0177
25.0050,57.7151,0.0176
25.0550,57.7151,0.0176
25.1050,57.7151,0.0176
25.1550,57.7151,0.0175
25.2050,57.7151,0.0175
25.2550,57.7151,0.0174
25.3050,57.7151,0.0174
25.3550,57.7151,0.0173
25.4050,57.7151,0.0174
25.4550,57.7151,0.0173
25.5050,57.7151,0.0173
25.5550,57.7151,0.0172
25.6050,57.7151,0.0171
25.6550,57.7151,0.0171
25.7050,57.7151,0.0170
25.7550,57.7151,0.0170
25.8050,57.7151,0.0170
25.8550,57.7151,0.0169
25.9050,57.7151,0.0169
25.9550,57.7151,0.0169
26.0050,57.7151,0.0168
26.0550,57.7151,0.0167
26.1050,57.7151,0.0167
26.1550,57.7151,0.0166
26.2050,57.7151,0.0166
26.2550,57.7151,0.0165
26.3050,57.7151,0.0165
26.3550,57.7151,0.0164
26.4050,57.7151,0.0163
26.4550,57.7151,0.0163
26.5050,57.7151,0.0161
26.5550,57.7151,0.0161
26.6050,57.7151,0.0160
26.6550,57.7151,0.0158
26.7050,57.7151,0.0158
26.7550,57.7151,0.0156
26.8050,57.7151,0.0155
26.8550,57.7151,0.0154
26.9050,57.7151,0.0152
26.9550,57.7151,0.0152
27.0050,57.7151,0.0152
27.0550,57.7151,0.0152
27.1050,57.7151,0.0149
27.1550,57.7151,0.0151
27.2050,57.7151,0.0146
27.2550,57.7151,0.0147
27.3050,57.7151,0.0144
27.3550,57.7151,0.0144
27.4050,57.7151,0.0142
27.4550,57.7151,0.0142
27.5050,57.7151,0.0142
27.5550,57.7151,0.0137
27.6050,57.7151,0.0137
27.6550,57.7151,0.0132
27.7050,57.7151,0.0133
27.7550,57.7151,0.0127
27.8050,57.7151,0.0126
27.8550,57.7151,0.0126
27.9050,57.7151,0.0119
27.9550,57.7151,0.0118
28.0050,57.7151,0.0111
28.0550,57.7151,0.0110
28.1050,57.7151,0.0107
28.1550,57.7151,0.0104
28.2050,57.7151,0.0103
22.1050,57.6651,0.0270
22.1550,57.6651,0.0266
22.2050,57.6651,0.0266
22.2550,57.6651,0.0264
22.3050,57.6651,0.0260
22.3550,57.6651,0.0260
22.4050,57.6651,0.0256
22.4550,57.6651,0.0258
22.5050,57.6651,0.0253
22.5550,57.6651,0.0253
24.4050,57.6651,0.0184
24.4550,57.6651,0.0183
24.5050,57.6651,0.0183
24.5550,57.6651,0.0182
24.6050,57.6651,0.0182
24.6550,57.6651,0.0181
24.7050,57.6651,0.0181
24.7550,57.6651,0.0180
24.8050,57.6651,0.0178
24.8550,57.6651,0.0178
24.9050,57.6651,0.0177
24.9550,57.6651,0.0177
25.0050,57.6651,0.0177
25.0550,57.6651,0.0177
25.1050,57.6651,0.0175
25.1550,57.6651,0.0175
25.2050,57.6651,0.0175
25.2550,57.6651,0.0175
25.3050,57.6651,0.0174
25.3550,57.6651,0.0174
25.4050,57.6651,0.0174
25.4550,57.6651,0.0173
25.5050,57.6651,0.0173
25.5550,57.6651,0.0172
25.6050,57.6651,0.0172
25.6550,57.6651,0.0171
25.7050,57.6651,0.0171
25.7550,57.6651,0.0170
25.8050,57.6651,0.0169
25.8550,57.6651,0.0169
25.9050,57.6651,0.0168
25.9550,57.6651,0.0168
26.0050,57.6651,0.0167
26.0550,57.6651,0.0167
26.1050,57.6651,0.0167
26.1550,57.6651,0.0167
26.2050,57.6651,0.0166
26.2550,57.6651,0.0165
26.3050,57.6651,0.0165
26.3550,57.6651,0.0164
26.4050,57.6651,0.0164
26.4550,57.6651,0.0162
26.5050,57.6651,0.0161
26.5550,57.6651,0.0161
26.6050,57.6651,0.0160
26.6550,57.6651,0.0159
26.7050,57.6651,0.0157
26.7550,57.6651,0.0156
26.8050,57.6651,0.0156
26.8550,57.6651,0.0154
26.9050,57.6651,0.0151
26.9550,57.6651,0.0151
27.0050,57.6651,0.0148
27.0550,57.6651,0.0148
27.1050,57.6651,0.0145
27.1550,57.6651,0.0145
27.2050,57.6651,0.0145
27.2550,57.6651,0.0143
27.3050,57.6651,0.0143
27.3550,57.6651,0.0139
27.4050,57.6651,0.0141
27.4550,57.6651,0.0135
27.5050,57.6651,0.0136
27.5550,57.6651,0.0132
27.6050,57.6651,0.0131
27.6550,57.6651,0.0128
27.7050,57.6651,0.0125
27.7550,57.6651,0.0126
27.8050,57.6651,0.0119
27.8550,57.6651,0.0119
27.9050,57.6651,0.0111
27.9550,57.6651,0.0111
28.0050,57.6651,0.0109
28.0550,57.6651,0.0105
28.1050,57.6651,0.0105
28.1550,57.6651,0.0102
28.2050,57.6651,0.0102
21.8550,57.6151,0.0274
21.9050,57.6151,0.0274
21.9550,57.6151,0.0272
22.0050,57.6151,0.0272
22.0550,57.6151,0.0270
22.1050,57.6151,0.0270
22.1550,57.6151,0.0267
22.2050,57.6151,0.0267
22.2550,57.6151,0.0264
22.3050,57.6151,0.0265
22.3550,57.6151,0.0261
22.4050,57.6151,0.0261
22.4550,57.6151,0.0259
22.5050,57.6151,0.0255
22.5550,57.6151,0.0255
22.6050,57.6151,0.0256
24.4050,57.6151,0.0185
24.4550,57.6151,0.0183
24.5050,57.6151,0.0183
24.5550,57.6151,0.0182
24.6050,57.6151,0.0182
24.6550,57.6151,0.0181
24.7050,57.6151,0.0181
24.7550,57.6151,0.0180
24.8050,57.6151,0.0180
24.8550,57.6151,0.0178
24.9050,57.6151,0.0178
24.9550,57.6151,0.0177
25.0050,57.6151,0.0176
25.0550,57.6151,0.0176
25.1050,57.6151,0.0175
25.1550,57.6151,0.0175
25.2050,57.6151,0.0175
25.2550,57.6151,0.0175
25.3050,57.6151,0.0174
25.3550,57.6151,0.0174
25.4050,57.6151,0.0174
25.4550,57.6151,0.0173
25.5050,57.6151,0.0173
25.5550,57.6151,0.0172
25.6050,57.6151,0.0172
25.6550,57.6151,0.0171
25.7050,57.6151,0.0171
25.7550,57.6151,0.0170
25.8050,57.6151,0.0170
25.8550,57.6151,0.0169
25.9050,57.6151,0.0168
25.9550,57.6151,0.0168
26.0050,57.6151,0.0167
26.0550,57.6151,0.0167
26.1050,57.6151,0.0166
26.1550,57.6151,0.0166
26.2050,57.6151,0.0166
26.2550,57.6151,0.0166
26.3050,57.6151,0.0165
26.3550,57.6151,0.0163
26.4050,57.6151,0.0163
26.4550,57.6151,0.0162
26.5050,57.6151,0.0162
26.5550,57.6151,0.0161
26.6050,57.6151,0.0159
26.6550,57.6151,0.0159
26.7050,57.6151,0.0157
26.7550,57.6151,0.0157
26.8050,57.6151,0.0155
26.8550,57.6151,0.0153
26.9050,57.6151,0.0153
26.9550,57.6151,0.0148
27.0050,57.6151,0.0146
27.0550,57.6151,0.0144
27.1050,57.6151,0.0145
27.1550,57.6151,0.0142
27.2050,57.6151,0.0142
27.2550,57.6151,0.0139
27.3050,57.6151,0.0139
27.3550,57.6151,0.0135
27.4050,57.6151,0.0135
27.4550,57.6151,0.0135
27.5050,57.6151,0.0131
27.5550,57.6151,0.0131
27.6050,57.6151,0.0125
27.6550,57.6151,0.0125
27.7050,57.6151,0.0119
27.7550,57.6151,0.0119
27.8050,57.6151,0.0118
27.8550,57.6151,0.0111
27.9050,57.6151,0.0110
27.9550,57.6151,0.0106
28.0050,57.6151,0.0106
28.0550,57.6151,0.0100
28.1050,57.6151,0.0101
28.1550,57.6151,0.0095
28.2050,57.6151,0.0095
21.8550,57.5651,0.0274
21.9050,57.5651,0.0274
21.9550,57.5651,0.0274
22.0050,57.5651,0.0272
22.0550,57.5651,0.0273
22.1050,57.5651,0.0271
22.1550,57.5651,0.0268
22.2050,57.5651,0.0268
22.2550,57.5651,0.0265
22.3050,57.5651,0.0267
22.3550,57.5651,0.0262
22.4050,57.5651,0.0262
22.4550,57.5651,0.0261
22.5050,57.5651,0.0261
22.5550,57.5651,0.0256
22.6050,57.5651,0.0257
22.6550,57.5651,0.0253
22.7050,57.5651,0.0253
24.4050,57.5651,0.0185
24.4550,57.5651,0.0185
24.5050,57.5651,0.0183
24.5550,57.5651,0.0184
24.6050,57.5651,0.0182
24.6550,57.5651,0.0181
24.7050,57.5651,0.0181
24.7550,57.5651,0.0180
24.8050,57.5651,0.0180
24.8550,57.5651,0.0178
24.9050,57.5651,0.0178
24.9550,57.5651,0.0177
25.0050,57.5651,0.0177
25.0550,57.5651,0.0176
25.1050,57.5651,0.0175
25.1550,57.5651,0.0175
25.2050,57.5651,0.0175
25.2550,57.5651,0.0175
25.3050,57.5651,0.0174
25.3550,57.5651,0.0174
25.4050,57.5651,0.0174
25.4550,57.5651,0.0174
25.5050,57.5651,0.0173
25.5550,57.5651,0.0172
25.6050,57.5651,0.0172
25.6550,57.5651,0.0171
25.7050,57.5651,0.0171
25.7550,57.5651,0.0170
25.8050,57.5651,0.0170
25.8550,57.5651,0.0169
25.9050,57.5651,0.0169
25.9550,57.5651,0.0168
26.0050,57.5651,0.0168
26.0550,57.5651,0.0167
26.1050,57.5651,0.0166
26.1550,57.5651,0.0166
26.2050,57.5651,0.0166
26.2550,57.5651,0.0166
26.3050,57.5651,0.0164
26.3550,57.5651,0.0164
26.4050,57.5651,0.0163
26.4550,57.5651,0.0162
26.5050,57.5651,0.0162
26.5550,57.5651,0.0161
26.6050,57.5651,0.0160
26.6550,57.5651,0.0159
26.7050,57.5651,0.0156
26.7550,57.5651,0.0156
26.8050,57.5651,0.0155
26.8550,57.5651,0.0154
26.9050,57.5651,0.0153
26.9550,57.5651,0.0145
27.0050,57.5651,0.0145
27.0550,57.5651,0.0142
27.1050,57.5651,0.0142
27.1550,57.5651,0.0139
27.2050,57.5651,0.0138
27.2550,57.5651,0.0138
27.3050,57.5651,0.0135
27.3550,57.5651,0.0135
27.4050,57.5651,0.0130
27.4550,57.5651,0.0130
27.5050,57.5651,0.0126
27.5550,57.5651,0.0125
27.6050,57.5651,0.0119
27.6550,57.5651,0.0119
27.7050,57.5651,0.0119
27.7550,57.5651,0.0112
27.8050,57.5651,0.0112
27.8550,57.5651,0.0107
27.9050,57.5651,0.0107
27.9550,57.5651,0.0102
28.0050,57.5651,0.0100
28.0550,57.5651,0.0100
28.1050,57.5651,0.0094
28.1550,57.5651,0.0094
28.2050,57.5651,0.0087
21.8550,57.5151,0.0275
21.9050,57.5151,0.0275
21.9550,57.5151,0.0275
22.0050,57.5151,0.0273
22.0550,57.5151,0.0274
22.1050,57.5151,0.0272
22.1550,57.5151,0.0272
22.2050,57.5151,0.0270
22.2550,57.5151,0.0270
22.3050,57.5151,0.0267
22.3550,57.5151,0.0264
22.4050,57.5151,0.0264
22.4550,57.5151,0.0261
22.5050,57.5151,0.0261
22.5550,57.5151,0.0257
22.6050,57.5151,0.0258
22.6550,57.5151,0.0253
22.7050,57.5151,0.0253
22.7550,57.5151,0.0249
22.8050,57.5151,0.0249
24.4050,57.5151,0.0185
24.4550,57.5151,0.0185
24.5050,57.5151,0.0184
24.5550,57.5151,0.0184
24.6050,57.5151,0.0183
24.6550,57.5151,0.0183
24.7050,57.5151,0.0181
24.7550,57.5151,0.0181
24.8050,57.5151,0.0180
24.8550,57.5151,0.0179
24.9050,57.5151,0.0179
24.9550,57.5151,0.0177
25.0050,57.5151,0.0178
25.0550,57.5151,0.0176
25.1050,57.5151,0.0176
25.1550,57.5151,0.0176
25.2050,57.5151,0.0176
25.2550,57.5151,0.0175
25.3050,57.5151,0.0174
25.3550,57.5151,0.0174
25.4050,57.5151,0.0174
25.4550,57.5151,0.0174
25.5050,57.5151,0.0173
25.5550,57.5151,0.0173
25.6050,57.5151,0.0172
25.6550,57.5151,0.0172
25.7050,57.5151,0.0171
25.7550,57.5151,0.0170
25.8050,57.5151,0.0170
25.8550,57.5151,0.0169
25.9050,57.5151,0.0169
25.9550,57.5151,0.0168
26.0050,57.5151,0.0168
26.0550,57.5151,0.0167
26.1050,57.5151,0.0167
26.1550,57.5151,0.0166
26.2050,57.5151,0.0165
26.2550,57.5151,0.0165
26.3050,57.5151,0.0164
26.3550,57.5151,0.0164
26.4050,57.5151,0.0163
26.4550,57.5151,0.0163
26.5050,57.5151,0.0162
26.5550,57.5151,0.0161
26.6050,57.5151,0.0160
26.6550,57.5151,0.0158
26.7050,57.5151,0.0158
26.7550,57.5151,0.0156
26.8050,57.5151,0.0154
26.8550,57.5151,0.0154
26.9050,57.5151,0.0146
26.9550,57.5151,0.0147
27.0050,57.5151,0.0143
27.0550,57.5151,0.0141
27.1050,57.5151,0.0140
27.1550,57.5151,0.0139
27.2050,57.5151,0.0135
27.2550,57.5151,0.0135
27.3050,57.5151,0.0131
27.3550,57.5151,0.0131
27.4050,57.5151,0.0127
27.4550,57.5151,0.0125
27.5050,57.5151,0.0125
27.5550,57.5151,0.0120
27.6050,57.5151,0.0120
27.6550,57.5151,0.0114
27.7050,57.5151,0.0113
27.7550,57.5151,0.0109
27.8050,57.5151,0.0108
27.8550,57.5151,0.0106
27.9050,57.5151,0.0103
27.9550,57.5151,0.0102
28.0050,57.5151,0.0098
28.0550,57.5151,0.0097
28.1050,57.5151,0.0086
28.1550,57.5151,0.0086
28.2050,57.5151,0.0082
